ID,Gap_Code,PU_Gap_Code,ReachName,Date,X,Y,Purpose
1,7,kasky7,7,8/14/2015,40.15,-88.34,student_research
2,7,kasky7,Copper 8,8/10/2016,40.15,-88.34,copper
3,7,kasky7,Copper 8,7/7/2017,40.15,-88.34,copper
4,11,kasky11,Copper 11,8/18/2016,40.08,-88.32,copper
5,11,kasky11,Copper 11,7/14/2017,40.08,-88.32,copper
18,15,kasky15,15,2013-07-01,40.08,-88.34,random
7,12,kasky12,12,6/24/2013,40.11,-88.28,random
8,12,kasky12,12,11/8/2013,40.11,-88.28,random
9,12,kasky12,Copper 1,8/3/2016,40.11,-88.28,copper
10,12,kasky12,Copper 1,7/7/2017,40.11,-88.28,copper
114,404,kasky404,404,2013-07-01,39.6,-88.31,random
12,12,kasky12,Copper 12,8/18/2016,40.08,-88.32,copper
13,12,kasky12,Copper 12,7/14/2017,40.08,-88.32,copper
14,14,kasky14,Copper 2,8/3/2016,40.08,-88.32,copper
15,14,kasky14,Copper 2,7/24/2017,40.08,-88.32,copper
16,14,kasky14,Copper 3,8/8/2016,40.08,-88.33,copper
17,14,kasky14,Copper 3,7/13/2017,40.08,-88.33,copper
139,754,kasky754,754,2013-07-01,39.44,-88.95,random
19,15,kasky15,15,5/14/2013,40.08,-88.34,random
20,15,kasky15,15,7/8/2013,40.08,-88.34,random
21,15,kasky15,15,11/8/2013,40.08,-88.34,random
22,15,kasky15,Copper 15,9/2/2016,40.08,-88.34,copper
23,15,kasky15,Copper 15,7/13/2017,40.08,-88.34,copper
168,795,kasky795,795,2013-07-01,39.4,-88.89,random
25,19,kasky19,Copper 4,8/8/2016,40.07,-88.34,copper
26,19,kasky19,Copper 4 ,7/13/2017,40.07,-88.34,copper
27,25,kasky25,25,8/14/2015,39.99,-88.45,student_research
28,39,kasky39,Copper 5,8/9/2016,39.98,-88.31,copper
29,39,kasky39,Copper 5,7/24/2017,39.98,-88.31,copper
30,43,kasky43,Copper 9,8/11/2016,39.94,-88.45,copper
31,43,kasky43,Copper 9,7/31/2017,39.94,-88.45,copper
229,1038,kasky1038,1038,2013-07-01,39.28,-89.04,random
33,44,kasky44,44,6/24/2015,39.93,-88.54,random
34,46,kasky46,46,5/14/2013,40.01,-88.34,random
35,46,kasky46,46,8/14/2013,40.01,-88.34,random
36,46,kasky46,46,11/8/2013,40.01,-88.34,random
37,46,kasky46,Copper 7,8/10/2016,40.01,-88.34,copper
38,46,kasky46,Copper 7,7/17/2017,40.01,-88.34,copper
39,46,kasky46,Copper 7,7/18/2017,40.01,-88.34,copper
40,46,kasky46,Copper 7,7/18/2017,40.01,-88.34,copper
244,1160,kasky1160,1160,2013-07-01,39.25,-88.89,random
42,52,kasky52,Copper 6,8/9/2016,39.91,-88.33,copper
43,52,kasky52,Copper 6,7/24/2017,39.91,-88.33,copper
307,1431,kasky1431,1431,2013-07-01,39.18,-89.35,random
45,60,kasky60,Copper 10,8/11/2016,39.9,-88.52,copper
46,60,kasky60,Copper 10,7/31/2017,39.9,-88.52,copper
47,76,kasky76,OW-03,9/6/2016,39.87,-88.51,mussel
48,76,kasky76,OW-03,9/6/2016,39.87,-88.51,mussel
312,1474,kasky1474,1474,2013-07-01,39.17,-89.36,random
50,92,kasky92,92,6/29/2017,39.83,-88.48,random
51,111,kasky111,WO9,8/12/2014,39.81,-88.69,student_research
52,132,kasky132,WO8,8/12/2014,39.81,-88.65,student_research
53,150,kasky150,WO11,8/18/2014,39.76,-88.63,student_research
327,1542,kasky1542,1542,2013-07-01,39.14,-89.35,random
356,1635,kasky1635,1635,2013-07-01,39.11,-89.47,random
56,157,kasky157,157,6/1/2016,39.76,-88.6,paired
57,157,kasky157,157,7/5/2016,39.76,-88.6,paired
58,157,kasky157,157,7/6/2016,39.76,-88.6,paired
59,157,kasky157,157,11/29/2016,39.76,-88.6,paired
60,157,kasky157,157,7/19/2017,39.76,-88.6,paired
61,157,kasky157,157,7/19/2017,39.76,-88.6,paired
62,157,kasky157,157,10/10/2017,39.76,-88.6,paired
407,1976,kasky1976,F1,2013-07-01,39.02,-89.54,focal
425,2111,kasky2111,F2,2013-07-01,38.98,-89.53,focal
65,161,kasky161,161,6/1/2016,39.76,-88.63,paired
66,161,kasky161,161,7/5/2016,39.76,-88.63,paired
67,161,kasky161,161,7/6/2016,39.76,-88.63,paired
68,161,kasky161,161,11/29/2016,39.76,-88.63,paired
69,161,kasky161,161,7/18/2017,39.76,-88.63,paired
70,161,kasky161,161,7/18/2017,39.76,-88.63,paired
71,161,kasky161,161,10/10/2017,39.76,-88.63,paired
72,172,kasky172,WO13,8/11/2014,39.74,-88.65,student_research
73,175,kasky175,WO28,8/20/2014,39.74,-88.7,student_research
74,176,kasky176,Copper 14,8/23/2016,39.74,-88.66,copper
75,176,kasky176,Copper 14,7/26/2017,39.74,-88.66,copper
76,176,kasky176,WO14,8/6/2014,39.75,-88.67,student_research
77,176,kasky176,WO16,8/6/2014,39.75,-88.73,student_research
78,182,kasky182,182,7/15/2014,39.73,-88.69,random
79,192,kasky192,192,6/16/2014,39.73,-88.69,random
80,222,kasky222,O-17,9/6/2016,39.7,-88.38,mussel
81,222,kasky222,O-17,9/6/2016,39.7,-88.38,mussel
453,2168,kasky2168,F3,2013-07-01,38.96,-89.55,focal
461,2182,kasky2182,2182,2013-07-01,38.97,-89.06,random
84,251,kasky251,F7,8/6/2013,39.67,-88.66,focal
85,251,kasky251,F7,11/11/2013,39.67,-88.66,focal
86,251,kasky251,F7,6/2/2014,39.67,-88.66,focal
87,251,kasky251,F7,7/7/2014,39.67,-88.66,focal
88,251,kasky251,F7,9/14/2015,39.67,-88.66,focal
89,264,kasky264,WO25,8/11/2014,39.67,-88.68,student_research
90,272,kasky272,Copper 13,8/23/2016,39.67,-88.66,copper
91,272,kasky272,Copper 13,7/20/2017,39.67,-88.66,copper
92,272,kasky272,Copper 13,8/14/2017,39.67,-88.66,copper
93,272,kasky272,Copper 13 ,8/14/2017,39.67,-88.66,copper
469,2232,kasky2232,2232,2013-07-01,38.93,-89.34,random
479,2261,kasky2261,2261,2013-07-01,38.92,-89.2,random
96,272,kasky272,F8,8/6/2013,39.67,-88.66,focal
97,272,kasky272,F8,11/11/2013,39.67,-88.66,focal
98,272,kasky272,F8,6/2/2014,39.67,-88.66,focal
99,272,kasky272,F8,7/7/2014,39.67,-88.66,focal
100,272,kasky272,F8,9/14/2015,39.67,-88.66,focal
101,273,kasky273,273,05/15/2013,39.66,-88.68,random
516,2668,kasky2668,2668,2013-07-01,38.8,-89.5,random
103,276,kasky276,F9,8/6/2013,39.65,-88.68,focal
104,276,kasky276,F9,11/11/2013,39.65,-88.68,focal
105,276,kasky276,F9,6/2/2014,39.65,-88.68,focal
106,276,kasky276,F9,7/7/2014,39.65,-88.68,focal
107,276,kasky276,F9,9/14/2015,39.65,-88.68,focal
108,288,kasky288,288,6/8/2017,39.66,-88.76,random
109,289,kasky289,289,7/10/2015,39.65,-88.58,student_research
110,299,kasky299,299,05/15/2013,39.64,-88.69,random
111,302,kasky302,302,5/29/2014,39.64,-88.75,random
112,302,kasky302,302,7/28/2014,39.64,-88.75,random
113,383,kasky383,383,7/10/2015,39.62,-88.57,student_research
520,2732,kasky2732,2732,2013-07-01,38.79,-89.42,random
115,404,kasky404,404,11/8/2013,39.6,-88.31,random
116,404,kasky404,404 A,8/14/2013,39.6,-88.31,random
117,404,kasky404,404 B,8/15/2013,39.6,-88.31,student_research
118,416,kasky416,416 A,8/15/2013,39.6,-88.3,random
119,416,kasky416,416 A,11/8/2013,39.6,-88.3,random
120,416,kasky416,416 B,8/15/2013,39.6,-88.3,student_research
121,416,kasky416,416 C,8/16/2013,39.6,-88.29,random
122,416,kasky416,416 C,11/8/2013,39.6,-88.29,random
123,416,kasky416,416 D,8/16/2013,39.6,-88.29,student_research
528,2756,kasky2756,2756,2013-07-01,38.78,-88.97,random
125,421,kasky421,421,6/8/2017,39.6,-88.74,random
126,433,kasky433,OXXT-01,9/12/2016,39.62,-88.6,mussel
127,476,kasky476,O-15,9/7/2016,39.57,-88.53,mussel
128,476,kasky476,O-15,9/7/2016,39.57,-88.53,mussel
129,517,kasky517,517,6/29/2017,39.56,-88.43,random
130,590,kasky590,590,7/2/2015,39.54,-88.37,student_research
131,615,kasky615,RC4,8/5/2014,39.52,-88.82,student_research
132,626,kasky626,626,5/29/2014,39.52,-88.84,random
133,626,kasky626,626,6/16/2014,39.52,-88.84,random
134,649,kasky649,649,7/2/2015,39.5,-88.48,student_research
135,650,kasky650,650,8/13/2015,39.5,-88.52,random
136,660,kasky660,660,7/2/2015,39.5,-88.45,student_research
536,2922,kasky2922,2922,2013-07-01,38.74,-89.51,random
138,725,kasky725,725,6/11/2016,39.46,-88.85,random
543,3107,kasky3107,3107,2013-07-01,38.67,-88.9,random
140,754,kasky754,754,5/16/2013,39.44,-88.95,random
141,754,kasky754,754,6/26/2013,39.44,-88.95,random
142,754,kasky754,754,11/11/2013,39.44,-88.95,random
552,3386,kasky3386,3386,2013-07-01,38.62,-89.57,random
144,761,kasky761,761,6/1/2016,39.46,-88.86,paired
145,761,kasky761,761,7/6/2016,39.46,-88.86,paired
146,761,kasky761,761,7/20/2016,39.46,-88.86,paired
147,761,kasky761,761,7/26/2016,39.46,-88.86,paired
148,761,kasky761,761,9/13/2016,39.46,-88.86,paired
149,761,kasky761,761,9/13/2016,39.46,-88.86,paired
150,761,kasky761,761,11/29/2016,39.46,-88.86,paired
151,761,kasky761,761,7/3/2017,39.46,-88.86,paired
152,761,kasky761,761,10/6/2017,39.46,-88.86,paired
153,761,kasky761,761,10/10/2017,39.46,-88.86,paired
154,761,kasky761,RC7,8/18/2014,39.46,-88.86,student_research
559,3496,kasky3496,3496,2013-07-01,38.57,-89.45,random
156,786,kasky786,786,6/1/2016,39.42,-88.91,paired
157,786,kasky786,786,7/6/2016,39.42,-88.91,paired
158,786,kasky786,786,7/20/2016,39.42,-88.91,paired
159,786,kasky786,786,7/26/2016,39.42,-88.91,paired
160,786,kasky786,786,9/13/2016,39.42,-88.91,paired
161,786,kasky786,786,9/13/2016,39.42,-88.91,paired
162,786,kasky786,786,11/29/2016,39.42,-88.91,paired
163,786,kasky786,786,7/3/2017,39.42,-88.91,paired
164,786,kasky786,786,10/6/2017,39.42,-88.91,paired
165,786,kasky786,786,10/10/2017,39.42,-88.91,paired
83,251,kasky251,F7,2014-07-01,39.67,-88.66,focal
167,786,kasky786,786,6/18/2014,39.42,-88.91,random
94,272,kasky272,F8,2014-07-01,39.67,-88.66,focal
169,795,kasky795,795,5/16/2013,39.4,-88.89,random
170,795,kasky795,795,7/18/2013,39.4,-88.89,random
171,795,kasky795,795,11/11/2013,39.4,-88.89,random
172,798,kasky798,RC15,8/5/2014,39.42,-88.86,student_research
173,798,kasky798,RC16A,8/13/2014,39.42,-88.88,student_research
174,798,kasky798,RC16B,8/13/2014,39.42,-88.87,student_research
175,835,kasky835,RC24,8/4/2014,39.37,-88.88,student_research
176,835,kasky835,Robinson Creek ,7/26/2017,39.37,-88.88,student_research
177,837,kasky837,RC20,8/4/2014,39.37,-88.84,student_research
178,850,kasky850,RC18,8/18/2014,39.36,-88.91,student_research
179,875,kasky875,875,6/3/2014,39.35,-88.64,random
180,875,kasky875,875,6/16/2014,39.35,-88.64,random
181,884,kasky884,884,6/6/2017,39.39,-88.77,random
182,913,kasky913,913,6/3/2014,39.33,-88.67,random
183,913,kasky913,913,6/17/2014,39.33,-88.67,random
166,786,kasky786,786,2014-07-01,39.42,-88.91,random
185,916,kasky916,916 A,6/19/2014,39.34,-89.57,random
186,916,kasky916,916 AB,6/9/2014,39.34,-89.57,random
187,916,kasky916,916 B,6/19/2014,39.34,-89.57,student_research
188,933,kasky933,O-32,9/12/2016,39.34,-88.82,mussel
189,933,kasky933,O-32,9/12/2016,39.34,-88.82,mussel
184,916,kasky916,916,2014-07-01,39.34,-89.57,random
191,939,kasky939,939,6/1/2016,39.32,-88.93,paired
192,939,kasky939,939,7/6/2016,39.32,-88.93,paired
193,939,kasky939,939,7/20/2016,39.32,-88.93,paired
194,939,kasky939,939,8/1/2016,39.32,-88.93,paired
195,939,kasky939,939,11/29/2016,39.32,-88.93,paired
196,939,kasky939,939,7/10/2017,39.32,-88.93,paired
197,939,kasky939,939,7/19/2017,39.32,-88.93,paired
198,939,kasky939,939,7/27/2017,39.32,-88.93,paired
199,939,kasky939,939,10/6/2017,39.32,-88.93,paired
200,939,kasky939,939,10/10/2017,39.32,-88.93,paired
201,948,kasky948,Vandalia Res 1,6/26/2017,39.02,-89.17,student_research
308,1431,kasky1431,1431,2014-07-01,39.18,-89.35,random
203,950,kasky950,950,6/4/2015,39.31,-88.91,random
313,1474,kasky1474,1474,2014-07-01,39.17,-89.36,random
205,957,kasky957,957,6/1/2016,39.31,-88.93,paired
206,957,kasky957,957,7/6/2016,39.31,-88.93,paired
207,957,kasky957,957,7/18/2016,39.31,-88.93,paired
208,957,kasky957,957,7/18/2016,39.31,-88.93,paired
209,957,kasky957,957,7/20/2016,39.31,-88.93,paired
210,957,kasky957,957,11/29/2016,39.31,-88.93,paired
211,957,kasky957,957,7/10/2017,39.31,-88.93,paired
212,957,kasky957,957,7/27/2017,39.31,-88.93,paired
213,957,kasky957,957,10/6/2017,39.31,-88.93,paired
214,957,kasky957,957,10/10/2017,39.31,-88.93,paired
215,969,kasky969,Glenn Shoals Res 1,6/19/2017,39.31,-89.41,student_research
216,992,kasky992,992,5/22/2013,39.3,-88.89,random
217,992,kasky992,992,6/27/2013,39.3,-88.89,random
218,992,kasky992,992,6/28/2016,39.3,-88.89,random
219,1025,kasky1025,1025,6/1/2016,39.29,-89.15,paired
220,1025,kasky1025,1025,7/6/2016,39.29,-89.15,paired
221,1025,kasky1025,1025,7/11/2016,39.29,-89.15,paired
222,1025,kasky1025,1025,7/20/2016,39.29,-89.15,paired
223,1025,kasky1025,1025,8/16/2016,39.29,-89.15,paired
224,1025,kasky1025,1025,11/29/2016,39.29,-89.15,paired
225,1025,kasky1025,1025,7/12/2017,39.29,-89.15,paired
226,1025,kasky1025,1025,7/27/2017,39.29,-89.15,paired
227,1025,kasky1025,1025,8/14/2017,39.29,-89.15,paired
228,1025,kasky1025,1025,10/10/2017,39.29,-89.15,paired
336,1599,kasky1599,F13,2014-07-01,39.13,-89.58,focal
230,1038,kasky1038,1038,6/27/2013,39.28,-89.04,random
231,1038,kasky1038,1038,11/15/2013,39.28,-89.04,random
232,1038,kasky1038,1038,8/1/2016,39.28,-89.04,random
357,1635,kasky1635,1635,2014-07-01,39.11,-89.47,random
234,1065,kasky1065,1065,6/22/2017,39.28,-89.57,random
235,1104,kasky1104,1104,6/5/2013,39.26,-89.53,random
236,1104,kasky1104,1104,7/17/2013,39.26,-89.53,random
237,1104,kasky1104,1104,11/13/2013,39.26,-89.53,random
371,1678,kasky1678,F14,2014-07-01,39.1,-89.58,focal
390,1849,kasky1849,F15,2014-07-01,39.06,-89.54,focal
397,1879,kasky1879,1879,2014-07-01,39.04,-89.62,random
241,1128,kasky1128,1128,6/11/2015,39.26,-89.32,random
242,1132,kasky1132,1132,6/3/2014,39.26,-88.9,random
243,1132,kasky1132,1132,6/14/2014,39.26,-88.9,random
408,1976,kasky1976,F1,2014-07-01,39.02,-89.54,focal
245,1160,kasky1160,1160,5/22/2013,39.25,-88.89,random
246,1160,kasky1160,1160,7/10/2013,39.25,-88.89,random
247,1160,kasky1160,1160,11/11/2013,39.25,-88.89,random
426,2111,kasky2111,F2,2014-07-01,38.98,-89.53,focal
249,1168,kasky1168,1168,6/11/2015,39.25,-89.32,random
250,1174,kasky1174,1174,7/7/2015,39.24,-88.71,random
454,2168,kasky2168,F3,2014-07-01,38.96,-89.55,focal
252,1199,kasky1199,1199,8/4/2015,39.23,-88.8,random
253,1218,kasky1218,1218,6/16/2016,39.23,-88.82,random
254,1225,kasky1225,1225,8/2/2016,39.26,-89.2,random
470,2232,kasky2232,2232,2014-07-01,38.93,-89.34,random
256,1229,kasky1229,F4,8/5/2013,39.26,-89,focal
257,1229,kasky1229,F4,11/15/2013,39.26,-89,focal
258,1229,kasky1229,F4,5/18/2014,39.26,-89,focal
259,1229,kasky1229,F4,7/8/2014,39.26,-89,focal
260,1229,kasky1229,F4,9/10/2015,39.26,-89,focal
261,1229,kasky1229,F5,11/15/2013,39.23,-89.01,focal
262,1229,kasky1229,F5,8/5/2013,39.24,-89.01,focal
263,1229,kasky1229,F5,5/18/2014,39.24,-89.01,focal
264,1229,kasky1229,F5,7/28/2014,39.24,-89.01,focal
265,1229,kasky1229,F5,9/10/2015,39.24,-89.01,focal
480,2261,kasky2261,2261,2014-07-01,38.92,-89.2,random
267,1229,kasky1229,F6,8/5/2013,39.23,-89.01,focal
268,1229,kasky1229,F6,11/15/2013,39.23,-89.01,focal
269,1229,kasky1229,F6,5/18/2014,39.23,-89.01,focal
270,1229,kasky1229,F6,7/8/2014,39.23,-89.01,focal
271,1229,kasky1229,F6,9/10/2015,39.23,-89.01,focal
514,2664,kasky2664,2664,2014-07-01,38.8,-88.84,random
273,1237,kasky1237,1237,6/1/2016,39.23,-89.18,paired
274,1237,kasky1237,1237,7/6/2016,39.23,-89.18,paired
275,1237,kasky1237,1237,7/11/2016,39.23,-89.18,paired
276,1237,kasky1237,1237,7/20/2016,39.23,-89.18,paired
277,1237,kasky1237,1237,8/16/2016,39.23,-89.18,paired
278,1237,kasky1237,1237,11/29/2016,39.23,-89.18,paired
279,1237,kasky1237,1237,7/12/2017,39.23,-89.18,paired
280,1237,kasky1237,1237,7/27/2017,39.23,-89.18,paired
281,1237,kasky1237,1237,8/14/2017,39.23,-89.18,paired
282,1237,kasky1237,1237,10/10/2017,39.23,-89.18,paired
283,1250,kasky1250,1250,5/22/2013,39.23,-88.91,random
284,1250,kasky1250,1250,7/10/2013,39.23,-88.91,random
285,1250,kasky1250,1250,11/15/2013,39.23,-88.91,random
521,2732,kasky2732,2732,2014-07-01,38.79,-89.42,random
287,1272,kasky1272,1272,6/19/2014,39.23,-89.33,ISWS
288,1272,kasky1272,1272,6/23/2015,39.23,-89.33,ISWS
289,1303,kasky1303,1303,5/29/2014,39.21,-89.07,random
290,1303,kasky1303,1303,6/14/2014,39.21,-89.07,random
291,1303,kasky1303,1303,6/23/2014,39.21,-89.07,random
537,2922,kasky2922,2922,2014-07-01,38.74,-89.51,random
293,1311,kasky1311,1311,7/6/2015,39.2,-88.71,random
294,1328,kasky1328,1328,8/2/2016,39.21,-89.22,random
295,1338,kasky1338,1338,6/16/2016,39.19,-89.04,random
541,2953,kasky2953,2953,2014-07-01,38.74,-89.4,random
546,3159,kasky3159,3159,2014-07-01,38.67,-89.63,random
298,1346,kasky1346,1346,6/14/2016,39.2,-89.51,random
299,1392,kasky1392,1392,6/1/2016,39.18,-89.25,paired
300,1392,kasky1392,1392,7/18/2016,39.18,-89.25,paired
301,1392,kasky1392,1392,7/20/2016,39.18,-89.25,paired
302,1392,kasky1392,1392,8/16/2016,39.18,-89.25,paired
303,1392,kasky1392,1392,7/27/2017,39.18,-89.25,paired
304,1392,kasky1392,1392,9/14/2017,39.18,-89.25,paired
553,3386,kasky3386,3386,2014-07-01,38.62,-89.57,random
306,1424,kasky1424,1424,7/6/2015,39.18,-88.75,random
560,3496,kasky3496,3496,2014-07-01,38.57,-89.45,random
578,3963,kasky3963,3963,2014-07-01,38.48,-89.15,random
309,1431,kasky1431,1431,11/20/2013,39.18,-89.35,random
310,1431,kasky1431,1431 A ,8/1/2013,39.18,-89.35,random
311,1431,kasky1431,1431 B,8/1/2013,39.18,-89.35,student_research
583,4362,kasky4362,4362,2014-07-01,38.41,-89.21,random
585,4479,kasky4479,4479,2014-07-01,38.38,-90.01,random
314,1474,kasky1474,1474,6/3/2013,39.17,-89.36,random
315,1474,kasky1474,1474,11/20/2013,39.17,-89.36,random
316,1474,kasky1474,1474 A,7/29/2013,39.17,-89.36,random
317,1474,kasky1474,1474 B,7/29/2013,39.17,-89.36,student_research
318,1505,kasky1505,Lou Yaeger Main 1,6/19/2017,39.18,-89.55,student_research
319,1517,kasky1517,1517,7/15/2015,39.15,-89.25,student_research
320,1517,kasky1517,1517,7/18/2016,39.15,-89.25,student_research
588,4504,kasky4504,4504,2014-07-01,38.38,-90.08,random
322,1517,kasky1517,1517,6/1/2016,39.15,-89.25,paired
323,1517,kasky1517,1517,7/20/2016,39.15,-89.25,paired
324,1517,kasky1517,1517,8/16/2016,39.15,-89.25,paired
325,1517,kasky1517,1517,7/27/2017,39.15,-89.25,paired
326,1517,kasky1517,1517,9/14/2017,39.15,-89.25,paired
594,4563,kasky4563,4563,2014-07-01,38.36,-90.08,random
328,1542,kasky1542,1542,6/3/2013,39.14,-89.35,random
329,1542,kasky1542,1542,11/20/2013,39.14,-89.35,random
330,1542,kasky1542,1542 A,7/30/2013,39.14,-89.35,random
331,1542,kasky1542,1542 B,7/30/2013,39.14,-89.35,student_research
332,1546,kasky1546,Lou Yaeger Main 2,6/20/2017,39.14,-89.54,student_research
333,1559,kasky1559,1559,6/13/2014,39.14,-89.24,random
334,1559,kasky1559,1559,6/23/2014,39.14,-89.24,random
335,1581,kasky1581,1581,6/3/2013,39.14,-89.35,random
600,4865,kasky4865,4865,2014-07-01,38.3,-89.97,random
604,5056,kasky5056,5056,2014-07-01,38.25,-90.02,random
338,1599,kasky1599,F13,8/22/2013,39.13,-89.58,focal
339,1599,kasky1599,F13,11/13/2013,39.13,-89.58,focal
340,1599,kasky1599,F13,5/27/2014,39.13,-89.58,focal
341,1599,kasky1599,F13,7/17/2014,39.13,-89.58,focal
342,1599,kasky1599,F13,8/26/2015,39.13,-89.58,focal
343,1609,kasky1609,1609,7/15/2015,39.14,-89.29,student_research
612,5424,kasky5424,5424,2014-07-01,38.15,-89.97,random
345,1609,kasky1609,1609,6/1/2016,39.14,-89.29,paired
346,1609,kasky1609,1609,7/13/2016,39.14,-89.29,paired
347,1609,kasky1609,1609,7/20/2016,39.14,-89.29,paired
348,1609,kasky1609,1609,8/16/2016,39.14,-89.29,paired
349,1609,kasky1609,1609,7/27/2017,39.14,-89.29,paired
350,1609,kasky1609,1609,9/27/2017,39.14,-89.29,paired
351,1614,kasky1614,1614,6/14/2017,39.14,-88.82,random
352,1616,kasky1616,1616,6/12/2017,39.11,-88.84,random
353,1633,kasky1633,1633,6/13/2014,39.11,-89.2,ISWS
354,1633,kasky1633,1633,6/26/2014,39.11,-89.2,ISWS
355,1633,kasky1633,1633,7/16/2015,39.11,-89.2,ISWS
614,5455,kasky5455,5455,2014-07-01,38.14,-90.04,random
32,44,kasky44,44,2015-07-01,39.93,-88.54,random
358,1635,kasky1635,1635,6/4/2013,39.11,-89.47,random
359,1635,kasky1635,1635,7/17/2013,39.11,-89.47,random
360,1648,kasky1648,1648,6/4/2013,39.11,-89.63,random
361,1648,kasky1648,1648,7/24/2013,39.11,-89.63,random
49,81,kasky81,81,2015-07-01,39.86,-88.36,random
363,1668,kasky1668,1668,6/1/2016,39.11,-89.28,paired
364,1668,kasky1668,1668,7/13/2016,39.11,-89.28,paired
365,1668,kasky1668,1668,7/20/2016,39.11,-89.28,paired
366,1668,kasky1668,1668,8/16/2016,39.11,-89.28,paired
367,1668,kasky1668,1668,7/27/2017,39.11,-89.28,paired
368,1668,kasky1668,1668,9/27/2017,39.11,-89.28,paired
82,239,kasky239,239,2015-07-01,39.69,-88.66,random
370,1675,kasky1675,1675,8/10/2015,39.1,-88.91,random
95,272,kasky272,F8,2015-07-01,39.67,-88.66,focal
102,276,kasky276,F9,2015-07-01,39.65,-88.68,focal
373,1678,kasky1678,F14,8/22/2013,39.1,-89.58,focal
374,1678,kasky1678,F14,11/13/2013,39.1,-89.58,focal
375,1678,kasky1678,F14,5/27/2014,39.1,-89.58,focal
376,1678,kasky1678,F14,7/17/2014,39.1,-89.58,focal
377,1678,kasky1678,F14,8/26/2015,39.1,-89.58,focal
378,1685,kasky1685,1685,7/24/2013,39.1,-89.52,random
379,1703,kasky1703,Coffeen Res 2,6/21/2017,39.1,-89.41,student_research
380,1736,kasky1736,1736,7/15/2015,39.09,-89.25,student_research
202,950,kasky950,950,2015-07-01,39.31,-88.91,random
382,1741,kasky1741,1741,7/7/2015,39.1,-89.36,random
383,1747,kasky1747,Coffeen Main 1,6/20/2017,39.1,-89.37,student_research
384,1785,kasky1785,Vandalia Main 1,6/26/2017,39.07,-89.12,student_research
240,1128,kasky1128,1128,2015-07-01,39.26,-89.32,random
386,1794,kasky1794,1794,8/4/2015,39.08,-89.06,random
387,1799,kasky1799,1799,6/21/2016,39.07,-89.21,random
388,1801,kasky1801,1801,6/16/2017,39.07,-89.21,random
389,1833,kasky1833,Coffeen Res 1,6/21/2017,39.06,-89.39,student_research
248,1168,kasky1168,1168,2015-07-01,39.25,-89.32,random
251,1199,kasky1199,1199,2015-07-01,39.23,-88.8,random
392,1849,kasky1849,F15,8/22/2013,39.06,-89.54,focal
393,1849,kasky1849,F15,11/13/2013,39.06,-89.54,focal
394,1849,kasky1849,F15,5/27/2014,39.06,-89.54,focal
395,1849,kasky1849,F15,7/17/2014,39.06,-89.54,focal
396,1849,kasky1849,F15,8/26/2015,39.06,-89.54,focal
255,1229,kasky1229,F4,2015-07-01,39.26,-89,focal
398,1879,kasky1879,1879,6/4/2013,39.04,-89.62,random
399,1879,kasky1879,1879,8/21/2013,39.04,-89.62,random
400,1879,kasky1879,1879,11/13/2013,39.04,-89.62,random
401,1881,kasky1881,1881,6/20/2017,39.06,-89.6,random
402,1900,kasky1900,1900,5/23/2013,39.03,-89.01,random
403,1900,kasky1900,1900,7/9/2013,39.03,-89.01,random
404,1900,kasky1900,1900,11/26/2013,39.03,-89.01,random
405,1922,kasky1922,Vandalia res 2,6/26/2017,39.04,-89.14,student_research
406,1945,kasky1945,1945,7/28/2016,39.02,-89.58,random
266,1229,kasky1229,F6,2015-07-01,39.23,-89.01,focal
286,1272,kasky1272,1272,2015-07-01,39.23,-89.33,ISWS
292,1311,kasky1311,1311,2015-07-01,39.2,-88.71,random
410,1976,kasky1976,F1,7/26/2013,39.02,-89.54,focal
411,1976,kasky1976,F1,11/13/2013,39.02,-89.54,focal
412,1976,kasky1976,F1,5/28/2014,39.02,-89.54,focal
413,1976,kasky1976,F1,7/16/2014,39.02,-89.54,focal
414,1976,kasky1976,F1,8/25/2015,39.02,-89.54,focal
415,1977,kasky1977,1977,5/28/2014,39.02,-89.51,random
416,1977,kasky1977,1977,6/24/2014,39.02,-89.51,random
417,1996,kasky1996,1996,6/16/2017,38.96,-89.01,random
418,2016,kasky2016,2016,7/23/2014,39,-88.99,random
419,2052,kasky2052,OL-05,6/27/2017,39.03,-89.24,student_research
305,1424,kasky1424,1424,2015-07-01,39.18,-88.75,random
421,2095,kasky2095,2095,6/1/2016,38.99,-89.02,paired
422,2095,kasky2095,2095,6/30/2016,38.99,-89.02,paired
423,2095,kasky2095,2095,8/16/2016,38.99,-89.02,paired
424,2095,kasky2095,2095,9/20/2017,38.99,-89.02,paired
337,1599,kasky1599,F13,2015-07-01,39.13,-89.58,focal
369,1675,kasky1675,1675,2015-07-01,39.1,-88.91,random
372,1678,kasky1678,F14,2015-07-01,39.1,-89.58,focal
428,2111,kasky2111,F2,7/26/2013,38.98,-89.53,focal
429,2111,kasky2111,F2,11/20/2013,38.98,-89.53,focal
430,2111,kasky2111,F2,5/21/2014,38.98,-89.53,focal
431,2111,kasky2111,F2,7/16/2014,38.98,-89.53,focal
432,2111,kasky2111,F2,8/25/2015,38.98,-89.53,focal
381,1741,kasky1741,1741,2015-07-01,39.1,-89.36,random
434,2113,kasky2113,F10,8/9/2013,38.98,-89.23,focal
435,2113,kasky2113,F10,11/26/2013,38.98,-89.23,focal
436,2113,kasky2113,F10,5/20/2014,38.98,-89.23,focal
437,2113,kasky2113,F10,7/14/2014,38.98,-89.23,focal
438,2115,kasky2115,2115,6/21/2017,38.98,-89.35,random
385,1794,kasky1794,1794,2015-07-01,39.08,-89.06,random
440,2117,kasky2117,2117,6/30/2016,38.97,-89.41,paired
441,2117,kasky2117,2117,8/16/2016,38.97,-89.41,paired
442,2117,kasky2117,2117,8/9/2017,38.97,-89.41,paired
443,2117,kasky2117,2117,8/10/2017,38.97,-89.41,paired
391,1849,kasky1849,F15,2015-07-01,39.06,-89.54,focal
445,2146,kasky2146,F11,8/9/2013,38.96,-89.21,focal
446,2146,kasky2146,F11,11/26/2013,38.96,-89.21,focal
447,2146,kasky2146,F11,5/20/2014,38.96,-89.21,focal
448,2146,kasky2146,F11,7/14/2014,38.96,-89.21,focal
449,2153,kasky2153,2153,6/1/2016,38.96,-88.97,paired
450,2153,kasky2153,2153,6/30/2016,38.96,-88.97,paired
451,2153,kasky2153,2153,8/16/2016,38.96,-88.97,paired
452,2153,kasky2153,2153,9/20/2017,38.96,-88.97,paired
409,1976,kasky1976,F1,2015-07-01,39.02,-89.54,focal
427,2111,kasky2111,F2,2015-07-01,38.98,-89.53,focal
433,2113,kasky2113,F10,2015-07-01,38.98,-89.23,focal
456,2168,kasky2168,F3,7/26/2013,38.96,-89.55,focal
457,2168,kasky2168,F3,11/20/2013,38.96,-89.55,focal
458,2168,kasky2168,F3,5/21/2014,38.96,-89.55,focal
459,2168,kasky2168,F3,7/16/2014,38.96,-89.55,focal
460,2168,kasky2168,F3,8/25/2015,38.96,-89.55,focal
444,2146,kasky2146,F11,2015-07-01,38.96,-89.21,focal
462,2182,kasky2182,2182,5/23/2013,38.97,-89.06,random
463,2182,kasky2182,2182,7/16/2013,38.97,-89.06,random
464,2182,kasky2182,2182,11/26/2013,38.97,-89.06,random
465,2186,kasky2186,2186,7/23/2014,38.95,-89.04,random
466,2188,kasky2188,2188,7/26/2016,38.95,-89.73,random
467,2219,kasky2219,2219,8/4/2016,38.95,-89.57,random
468,2219,kasky2219,2219,6/22/2017,38.95,-89.57,random
455,2168,kasky2168,F3,2015-07-01,38.96,-89.55,focal
484,2282,kasky2282,F12,2015-07-01,38.92,-89.23,focal
471,2232,kasky2232,2232,5/31/2013,38.93,-89.34,random
472,2232,kasky2232,2232,7/1/2013,38.93,-89.34,random
473,2240,kasky2240,2240,6/1/2016,38.93,-89.42,paired
474,2240,kasky2240,2240,8/16/2016,38.93,-89.42,paired
475,2240,kasky2240,2240,8/9/2017,38.93,-89.42,paired
476,2240,kasky2240,2240,8/10/2017,38.93,-89.42,paired
477,2240,kasky2240,2240 A,7/12/2016,38.93,-89.42,paired
478,2240,kasky2240,2240 B,7/12/2016,38.92,-89.42,student_research
494,2341,kasky2341,2341,2015-07-01,38.91,-89.57,random
501,2505,kasky2505,2505,2015-07-01,38.85,-89.8,random
481,2261,kasky2261,2261,5/23/2013,38.92,-89.2,random
482,2261,kasky2261,2261,7/8/2013,38.92,-89.2,random
483,2261,kasky2261,2261,11/26/2013,38.92,-89.2,random
505,2552,kasky2552,2552,2015-07-01,38.84,-89.54,random
485,2282,kasky2282,F12,8/9/2013,38.92,-89.23,focal
486,2282,kasky2282,F12,11/26/2013,38.92,-89.23,focal
487,2282,kasky2282,F12,5/20/2014,38.92,-89.23,focal
488,2282,kasky2282,F12,7/14/2014,38.92,-89.23,focal
489,2299,kasky2299,2299,6/15/2016,38.93,-89.63,random
490,2303,kasky2303,2303,6/25/2014,38.91,-89.57,random
491,2314,kasky2314,2314,7/29/2015,38.91,-89.47,random
508,2565,kasky2565,2565,2015-07-01,38.83,-89.65,random
493,2319,kasky2319,2319,8/2/2017,38.91,-89.76,random
549,3337,kasky3337,3337,2015-07-01,38.62,-89.75,random
495,2349,kasky2349,2349,6/5/2013,38.9,-89.53,random
496,2349,kasky2349,2349,7/22/2013,38.9,-89.53,random
497,2349,kasky2349,2349,11/20/2013,38.9,-89.53,random
498,2353,kasky2353,2353 A,6/27/2016,38.9,-89.48,random
499,2353,kasky2353,2353 B,6/27/2016,38.9,-89.48,student_research
500,2503,kasky2503,OL-03,6/27/2017,39,-89.24,student_research
575,3671,kasky3671,3671,2015-07-01,38.56,-89.61,random
502,2505,kasky2505,2505,7/30/2014,38.85,-89.8,random
576,3841,kasky3841,3841,2015-07-01,38.49,-89.02,random
504,2546,kasky2546,2546,8/2/2017,38.84,-89.62,random
592,4532,kasky4532,4532,2015-07-01,38.37,-89.27,random
506,2552,kasky2552,2552,7/29/2015,38.84,-89.54,random
507,2560,kasky2560,2560,8/9/2017,38.84,-89.4,random
602,5001,kasky5001,5001,2015-07-01,38.27,-89.51,random
607,5128,kasky5128,5128,2015-07-01,38.24,-89.59,random
510,2636,kasky2636,2636,7/21/2014,38.81,-88.91,random
511,2636,kasky2636,2636,6/29/2016,38.81,-88.91,random
616,5667,kasky5667,5667,2015-07-01,38.06,-89.89,random
513,2647,kasky2647,2647,6/23/2016,38.82,-89.42,random
618,5764,kasky5764,5764,2015-07-01,38.01,-89.85,random
515,2664,kasky2664,2664,7/21/2014,38.8,-88.84,random
620,5770,kasky5770,5770,2015-07-01,38,-89.88,random
517,2668,kasky2668,2668,6/5/2013,38.8,-89.5,random
518,2668,kasky2668,2668,7/1/2013,38.8,-89.5,random
519,2668,kasky2668,2668,11/18/2013,38.8,-89.5,random
54,157,kasky157,157,2016-07-01,39.76,-88.6,paired
63,161,kasky161,161,2016-07-01,39.76,-88.63,paired
522,2732,kasky2732,2732,7/22/2013,38.79,-89.42,random
523,2732,kasky2732,2732,11/18/2013,38.79,-89.42,random
524,2732,kasky2732,2732,6/4/2014,38.79,-89.42,random
525,2736,kasky2736,OI-15,9/26/2016,38.8,-89.49,mussel
526,2736,kasky2736,OI-15,9/26/2016,38.8,-89.49,mussel
527,2745,kasky2745,2745,7/25/2017,38.78,-89,random
137,716,kasky716,716,2016-07-01,39.47,-88.64,random
529,2756,kasky2756,2756,5/31/2013,38.78,-88.97,random
530,2756,kasky2756,2756,7/15/2013,38.78,-88.97,random
531,2781,kasky2781,2781,7/21/2014,38.78,-89.04,ISWS
532,2781,kasky2781,2781,7/29/2015,38.78,-89.04,ISWS
533,2845,kasky2845,OK- Group,7/25/2017,38.76,-88.93,student_research
534,2858,kasky2858,2858,5/30/2013,38.76,-88.94,random
535,2911,kasky2911,Highland Mainstem 1,8/2/2017,38.74,-89.85,student_research
155,786,kasky786,786,2016-07-01,39.42,-88.91,paired
190,939,kasky939,939,2016-07-01,39.32,-88.93,paired
538,2922,kasky2922,2922,7/22/2013,38.74,-89.51,random
539,2922,kasky2922,2922,11/18/2013,38.74,-89.51,random
540,2922,kasky2922,2922,6/4/2014,38.74,-89.51,random
204,957,kasky957,957,2016-07-01,39.31,-88.93,paired
542,2953,kasky2953,2953,6/24/2014,38.74,-89.4,random
238,1123,kasky1123,1123,2016-07-01,39.26,-89.42,random
544,3107,kasky3107,3107,7/11/2013,38.67,-88.9,random
545,3126,kasky3126,3126,5/23/2013,38.69,-89.64,random
272,1237,kasky1237,1237,2016-07-01,39.23,-89.18,paired
547,3159,kasky3159,3159,6/5/2014,38.67,-89.63,random
548,3159,kasky3159,3159,6/27/2014,38.67,-89.63,random
296,1346,kasky1346,1346,2016-07-01,39.2,-89.51,random
550,3337,kasky3337,3337,7/30/2014,38.62,-89.75,random
551,3380,kasky3380,3380,7/11/2013,38.6,-88.89,random
321,1517,kasky1517,1517,2016-07-01,39.15,-89.25,paired
344,1609,kasky1609,1609,2016-07-01,39.14,-89.29,paired
554,3386,kasky3386,3386,5/28/2013,38.62,-89.57,random
555,3386,kasky3386,3386,7/23/2013,38.62,-89.57,random
556,3386,kasky3386,3386,11/18/2013,38.62,-89.57,random
362,1668,kasky1668,1668,2016-07-01,39.11,-89.28,paired
558,3461,kasky3461,3461,6/28/2016,38.58,-88.91,random
420,2095,kasky2095,2095,2016-07-01,38.99,-89.02,paired
509,2636,kasky2636,2636,2016-07-01,38.81,-88.91,random
561,3496,kasky3496,3496,7/23/2013,38.57,-89.45,random
562,3496,kasky3496,3496,11/18/2013,38.57,-89.45,random
563,3563,kasky3563,3563,5/24/2013,38.56,-89.96,random
564,3565,kasky3565,3565,7/29/2015,38.56,-89.28,ISWS
565,3565,kasky3565,3565 A,7/22/2014,38.56,-89.28,ISWS
566,3565,kasky3565,3565 B,7/22/2014,38.56,-89.28,student_research
567,3570,kasky3570,3570,5/29/2013,38.56,-89.01,random
568,3570,kasky3570,3570,7/16/2013,38.56,-89.01,random
569,3584,kasky3584,3584,6/23/2016,38.56,-89.63,random
512,2647,kasky2647,2647,2016-07-01,38.82,-89.42,random
571,3593,kasky3593,3593,6/22/2016,38.55,-89.94,random
572,3621,kasky3621,3621,5/24/2013,38.55,-89.64,random
557,3461,kasky3461,3461,2016-07-01,38.58,-88.91,random
574,3653,kasky3653,3653,8/1/2017,38.54,-89.8,random
570,3593,kasky3593,3593,2016-07-01,38.55,-89.94,random
581,4092,kasky4092,4092,2016-07-01,38.46,-89.87,random
577,3841,kasky3841,3841,7/30/2015,38.49,-89.02,random
11,12,kasky12,Copper 12,2017-07-01,40.08,-88.32,copper
579,3963,kasky3963,3963,5/29/2013,38.48,-89.15,random
580,3963,kasky3963,3963,7/15/2013,38.48,-89.15,random
24,19,kasky19,Copper 4,2017-07-01,40.07,-88.34,copper
582,4092,kasky4092,4092,6/22/2016,38.46,-89.87,random
41,52,kasky52,Copper 6,2017-07-01,39.91,-88.33,copper
584,4362,kasky4362,4362,7/22/2014,38.41,-89.21,random
44,60,kasky60,Copper 10,2017-07-01,39.9,-88.52,copper
586,4479,kasky4479,4479,6/5/2014,38.38,-90.01,random
587,4479,kasky4479,4479,7/1/2014,38.38,-90.01,random
55,157,kasky157,157,2017-07-01,39.76,-88.6,paired
589,4504,kasky4504,4504,6/9/2014,38.38,-90.08,random
590,4504,kasky4504,4504,6/30/2014,38.38,-90.08,random
591,4504,kasky4504,4504,6/22/2016,38.38,-90.08,random
64,161,kasky161,161,2017-07-01,39.76,-88.63,paired
593,4532,kasky4532,4532,7/21/2015,38.37,-89.27,random
124,421,kasky421,421,2017-07-01,39.6,-88.74,random
595,4563,kasky4563,4563,6/9/2014,38.36,-90.08,random
596,4563,kasky4563,4563,6/30/2014,38.36,-90.08,random
597,4586,kasky4586,4586,6/5/2014,38.36,-90.05,random
598,4586,kasky4586,4586,7/1/2014,38.36,-90.05,random
599,4690,kasky4690,4690,8/1/2017,38.36,-90.05,random
143,761,kasky761,761,2017-07-01,39.46,-88.86,paired
601,4865,kasky4865,4865,7/1/2014,38.3,-89.97,random
233,1065,kasky1065,1065,2017-07-01,39.28,-89.57,random
603,5001,kasky5001,5001,7/22/2015,38.27,-89.51,random
239,1123,kasky1123,1123,2017-07-01,39.26,-89.42,random
605,5056,kasky5056,5056,6/9/2014,38.25,-90.02,random
606,5056,kasky5056,5056,7/2/2014,38.25,-90.02,random
297,1346,kasky1346,1346,2017-07-01,39.2,-89.51,random
608,5128,kasky5128,5128,7/22/2015,38.24,-89.59,random
609,5168,kasky5168,5168,7/2/2014,38.23,-90.08,random
610,5234,kasky5234,5234,8/1/2017,38.23,-89.88,random
611,5398,kasky5398,5398,7/23/2015,38.16,-90.1,random
439,2117,kasky2117,2117,2017-07-01,38.97,-89.41,paired
613,5424,kasky5424,5424,6/9/2014,38.15,-89.97,random
492,2319,kasky2319,2319,2017-07-01,38.91,-89.76,random
615,5455,kasky5455,5455,7/2/2014,38.14,-90.04,random
503,2546,kasky2546,2546,2017-07-01,38.84,-89.62,random
617,5667,kasky5667,5667,7/23/2015,38.06,-89.89,random
573,3653,kasky3653,3653,2017-07-01,38.54,-89.8,random
619,5764,kasky5764,5764,7/22/2015,38.01,-89.85,random
6,12,kasky12,12,2013-07-01,40.11,-88.28,random
621,5770,kasky5770,5770,7/22/2015,38,-89.88,random
622,XXXX,kaskyXXXX,Trib to 2314,6/24/2014,38.9,-89.47,random
623,1009,kasky1009,kasky1009,2018-07-10,39.30039,-88.65669,random
624,1025,kasky1025,kasky1025,2018-09-11,39.2981,-89.15934,paired
625,1077,kasky1077,kasky1077,2018-08-07,39.290294,-89.43819297,random
626,1143,kasky1143,kasky1143,2018-08-08,39.274019,-88.749428,random
627,1237,kasky1237,kasky1237,2018-09-12,39.23206,-89.18685,paired
628,124,kasky124,kasky124,2018-07-12,39.80687,-88.69678,random
629,1263,kasky1263,kasky1263,2018-09-19,39.223472,-88.841306,less_disturbed
630,1295,kasky1295,kasky1295,2018-10-01,39.21536,-89.03,less_disturbed
631,1349,kasky1349,kasky1349,2018-08-01,39.207287,-89.34455,random
632,1380,kasky1380,kasky1380,2018-07-24,38.90269,-88.99461,random
633,1392,kasky1392,kasky1392,2018-09-30,39.18847,-89.25801,paired
634,1474,kasky1474,kasky1474,2018-08-07,39.173198,-89.361519,random
635,1517,kasky1517,kasky1517,2018-10-01,39.15395,-89.25558,paired
636,157,kasky157,kasky157,2018-08-14,39.76281,-88.60593,paired
637,1609,kasky1609,kasky1609,2018-09-20,39.14425,-89.29864,paired
638,161,kasky161,kasky161,2018-08-14,39.76832,-88.63437,paired
639,1668,kasky1668,kasky1668,2018-09-20,39.11486,-89.28355,paired
640,1749,kasky1749,kasky1749,2018-07-17,39.08903,-89.05132,random
641,2095,kasky2095,kasky2095,2018-10-08,38.99487,-89.02847,paired
642,2117,kasky2117,kasky2117,2018-09-25,38.97842,-89.41808,paired
643,2153,kasky2153,kasky2153,2018-10-09,38.96928,-88.97886,paired
644,2240,kasky2240,kasky2240,2018-09-25,38.93037,-89.42901,paired
645,2288,kasky2288,kasky2288,2018-08-13,38.917032,-88.862607,random
646,2337,kasky2337,kasky2337,2018-07-18,38.90269,-88.99461,random
647,3008,kasky3008,kasky3008,2018-07-23,38.722016,-88.980283,random
648,3014,kasky3014,kasky3014,2018-10-09,38.711167,-89.03075,less_disturbed
649,3340,kasky3340,kasky3340,2018-09-14,38.616367,-89.779822,random
650,3955,kasky3955,kasky3955,2018-09-26,40.08518,-88.19973,less_disturbed
651,4078,kasky4078,kasky4078,2018-08-27,38.37355,-90.12341,random
652,4535,kasky4535,kasky4535,2018-08-27,38.373525,-90.123023,random
653,5104,kasky5104,kasky5104,2018-08-29,38.249,-89.83604,random
654,5714,kasky5714,kasky5714,2018-08-28,38.04623,-89.89252,random
655,761,kasky761,kasky761,2018-08-22,39.46358,-88.86478,paired
656,786,kasky786,kasky786,2018-08-22,39.42051,-88.91116,paired
657,843,kasky843,kasky843,2018-07-11,39.3747,-88.62891,random
658,85,kasky85,kasky85,2018-07-05,39.857375,-88.495861,random
659,895,kasky895,kasky895,2018-08-02,39.343078,-89.382271,random
660,939,kasky939,kasky939,2018-08-23,39.32577,-88.932,paired
661,957,kasky957,kasky957,2018-08-23,39.31557,-88.93636,paired
662,985,kasky985,kasky985,2018-07-31,39.308822,-89.578491,random
