"ID","SurveyYear","SurveyEvent","PU_Gap_Code","Date","ReachName","X","Y","Purpose"
1,10001.00,20001.00,7.00,"8/14/2015","7",40.15,-88.34,"student research"
2,10002.00,20002.00,7.00,"8/10/2016","Copper 8",40.15,-88.34,"copper"
3,10003.00,20003.00,7.00,"7/7/2017","Copper 8",40.15,-88.34,"copper"
4,10004.00,20004.00,11.00,"8/18/2016","Copper 11",40.08,-88.32,"copper"
5,10005.00,20005.00,11.00,"7/14/2017","Copper 11",40.08,-88.32,"copper"
6,10006.00,20006.00,12.00,"2013","12",40.11,-88.28,"random"
7,10006.00,20007.00,12.00,"6/24/2013","12",40.11,-88.28,"random"
8,10006.00,20008.00,12.00,"11/8/2013","12",40.11,-88.28,"random"
9,10007.00,20009.00,12.00,"8/3/2016","Copper 1",40.11,-88.28,"copper"
10,10009.00,20012.00,12.00,"7/7/2017","Copper 1",40.11,-88.28,"copper"
11,10010.00,20011.00,12.00,"2017","Copper 12",40.08,-88.32,"copper"
12,10008.00,20010.00,12.00,"8/18/2016","Copper 12",40.08,-88.32,"copper"
13,10010.00,20013.00,12.00,"7/14/2017","Copper 12",40.08,-88.32,"copper"
14,10011.00,20014.00,14.00,"8/3/2016","Copper 2",40.08,-88.32,"copper"
15,10013.00,20017.00,14.00,"7/24/2017","Copper 2",40.08,-88.32,"copper"
16,10012.00,20015.00,14.00,"8/8/2016","Copper 3",40.08,-88.33,"copper"
17,10013.00,20016.00,14.00,"7/13/2017","Copper 3",40.08,-88.33,"copper"
18,10014.00,20018.00,15.00,"2013","15",40.08,-88.34,"random"
19,10014.00,20019.00,15.00,"5/14/2013","15",40.08,-88.34,"random"
20,10014.00,20020.00,15.00,"7/8/2013","15",40.08,-88.34,"random"
21,10014.00,20021.00,15.00,"11/8/2013","15",40.08,-88.34,"random"
22,10015.00,20022.00,15.00,"9/2/2016","Copper 15",40.08,-88.34,"copper"
23,10015.00,20023.00,15.00,"7/13/2017","Copper 15",40.08,-88.34,"copper"
24,10017.00,20025.00,19.00,"2017","Copper 4",40.07,-88.34,"copper"
25,10016.00,20024.00,19.00,"8/8/2016","Copper 4",40.07,-88.34,"copper"
26,10017.00,20026.00,19.00,"7/13/2017","Copper 4 ",40.07,-88.34,"copper"
27,10018.00,20027.00,25.00,"8/14/2015","25",39.99,-88.45,"student research"
28,10019.00,20028.00,39.00,"8/9/2016","Copper 5",39.98,-88.31,"copper"
29,10020.00,20029.00,39.00,"7/24/2017","Copper 5",39.98,-88.31,"copper"
30,10021.00,20030.00,43.00,"8/11/2016","Copper 9",39.94,-88.45,"copper"
31,10022.00,20031.00,43.00,"7/31/2017","Copper 9",39.94,-88.45,"copper"
32,10023.00,20032.00,44.00,"2015","44",39.93,-88.54,"random"
33,10023.00,20033.00,44.00,"6/24/2015","44",39.93,-88.54,"random"
34,10024.00,20034.00,46.00,"5/14/2013","46",40.01,-88.34,"random"
35,10024.00,20035.00,46.00,"8/14/2013","46",40.01,-88.34,"random"
36,10024.00,20036.00,46.00,"11/8/2013","46",40.01,-88.34,"random"
37,10025.00,20037.00,46.00,"8/10/2016","Copper 7",40.01,-88.34,"copper"
38,10026.00,20038.00,46.00,"7/17/2017","Copper 7",40.01,-88.34,"copper"
39,10026.00,20039.00,46.00,"7/18/2017","Copper 7",40.01,-88.34,"copper"
40,10026.00,20609.00,46.00,"7/18/2017","Copper 7",40.01,-88.34,"copper"
41,10028.00,20041.00,52.00,"2017","Copper 6",39.91,-88.33,"copper"
42,10027.00,20040.00,52.00,"8/9/2016","Copper 6",39.91,-88.33,"copper"
43,10028.00,20042.00,52.00,"7/24/2017","Copper 6",39.91,-88.33,"copper"
44,10030.00,20044.00,60.00,"2017","Copper 10",39.90,-88.52,"copper"
45,10029.00,20043.00,60.00,"8/11/2016","Copper 10",39.90,-88.52,"copper"
46,10030.00,20045.00,60.00,"7/31/2017","Copper 10",39.90,-88.52,"copper"
47,10031.00,20046.00,76.00,"9/6/2016","OW-03",39.87,-88.51,"mussel"
48,10031.00,20610.00,76.00,"9/6/2016","OW-03",39.87,-88.51,"mussel"
49,10032.00,20047.00,81.00,"2015","81",39.86,-88.36,"random"
50,10033.00,20048.00,92.00,"6/29/2017","92",39.83,-88.48,"random"
51,10034.00,20049.00,111.00,"8/12/2014","WO9",39.81,-88.69,"student research"
52,10035.00,20050.00,132.00,"8/12/2014","WO8",39.81,-88.65,"student research"
53,10036.00,20051.00,150.00,"8/18/2014","WO11",39.76,-88.63,"student research"
54,10037.00,20052.00,157.00,"2016","157",39.76,-88.60,"paired"
55,10038.00,20057.00,157.00,"2017","157",39.76,-88.60,"paired"
56,10037.00,20053.00,157.00,"6/1/2016","157",39.76,-88.60,"paired"
57,10037.00,20054.00,157.00,"7/5/2016","157",39.76,-88.60,"paired"
58,10037.00,20055.00,157.00,"7/6/2016","157",39.76,-88.60,"paired"
59,10037.00,20056.00,157.00,"11/29/2016","157",39.76,-88.60,"paired"
60,10038.00,20058.00,157.00,"7/19/2017","157",39.76,-88.60,"paired"
61,10038.00,20611.00,157.00,"7/19/2017","157",39.76,-88.60,"paired"
62,10038.00,20059.00,157.00,"10/10/2017","157",39.76,-88.60,"paired"
63,10039.00,20060.00,161.00,"2016","161",39.76,-88.63,"paired"
64,10040.00,20065.00,161.00,"2017","161",39.76,-88.63,"paired"
65,10039.00,20061.00,161.00,"6/1/2016","161",39.76,-88.63,"paired"
66,10039.00,20062.00,161.00,"7/5/2016","161",39.76,-88.63,"paired"
67,10039.00,20063.00,161.00,"7/6/2016","161",39.76,-88.63,"paired"
68,10039.00,20064.00,161.00,"11/29/2016","161",39.76,-88.63,"paired"
69,10040.00,20066.00,161.00,"7/18/2017","161",39.76,-88.63,"paired"
70,10040.00,20612.00,161.00,"7/18/2017","161",39.76,-88.63,"paired"
71,10040.00,20067.00,161.00,"10/10/2017","161",39.76,-88.63,"paired"
72,10041.00,20068.00,172.00,"8/11/2014","WO13",39.74,-88.65,"student research"
73,10042.00,20069.00,175.00,"8/20/2014","WO28",39.74,-88.70,"student research"
74,10045.00,20072.00,176.00,"8/23/2016","Copper 14",39.74,-88.66,"copper"
75,10046.00,20073.00,176.00,"7/26/2017","Copper 14",39.74,-88.66,"copper"
76,10043.00,20070.00,176.00,"8/6/2014","WO14",39.75,-88.67,"student research"
77,10044.00,20071.00,176.00,"8/6/2014","WO16",39.75,-88.73,"student research"
78,10047.00,20074.00,182.00,"7/15/2014","182",39.73,-88.69,"random"
79,10048.00,20075.00,192.00,"6/16/2014","192",39.73,-88.69,"random"
80,10049.00,20076.00,222.00,"9/6/2016","O-17",39.70,-88.38,"mussel"
81,10049.00,20613.00,222.00,"9/6/2016","O-17",39.70,-88.38,"mussel"
82,10050.00,20077.00,239.00,"2015","239",39.69,-88.66,"random"
83,10052.00,20081.00,251.00,"2014","F7",39.67,-88.66,"focal"
84,10051.00,20078.00,251.00,"8/6/2013","F7",39.67,-88.66,"focal"
85,10051.00,20080.00,251.00,"11/11/2013","F7",39.67,-88.66,"focal"
86,10052.00,20079.00,251.00,"6/2/2014","F7",39.67,-88.66,"focal"
87,10052.00,20082.00,251.00,"7/7/2014","F7",39.67,-88.66,"focal"
88,10053.00,20083.00,251.00,"9/14/2015","F7",39.67,-88.66,"focal"
89,10054.00,20084.00,264.00,"8/11/2014","WO25",39.67,-88.68,"student research"
90,10059.00,20093.00,272.00,"8/23/2016","Copper 13",39.67,-88.66,"copper"
91,10057.00,20094.00,272.00,"7/20/2017","Copper 13",39.67,-88.66,"copper"
92,10057.00,20089.00,272.00,"8/14/2017","Copper 13",39.67,-88.66,"copper"
93,10057.00,20624.00,272.00,"8/14/2017","Copper 13 ",39.67,-88.66,"copper"
94,10055.00,20085.00,272.00,"2014","F8",39.67,-88.66,"focal"
95,10058.00,20091.00,272.00,"2015","F8",39.67,-88.66,"focal"
96,10056.00,20088.00,272.00,"8/6/2013","F8",39.67,-88.66,"focal"
97,10056.00,20090.00,272.00,"11/11/2013","F8",39.67,-88.66,"focal"
98,10055.00,20087.00,272.00,"6/2/2014","F8",39.67,-88.66,"focal"
99,10055.00,20086.00,272.00,"7/7/2014","F8",39.67,-88.66,"focal"
100,10058.00,20092.00,272.00,"9/14/2015","F8",39.67,-88.66,"focal"
101,10060.00,20095.00,273.00,"05/15/2013","273",39.66,-88.68,"random"
102,10063.00,20100.00,276.00,"2015","F9",39.65,-88.68,"focal"
103,10061.00,20096.00,276.00,"8/6/2013","F9",39.65,-88.68,"focal"
104,10061.00,20097.00,276.00,"11/11/2013","F9",39.65,-88.68,"focal"
105,10062.00,20098.00,276.00,"6/2/2014","F9",39.65,-88.68,"focal"
106,10062.00,20099.00,276.00,"7/7/2014","F9",39.65,-88.68,"focal"
107,10063.00,20101.00,276.00,"9/14/2015","F9",39.65,-88.68,"focal"
108,10064.00,20102.00,288.00,"6/8/2017","288",39.66,-88.76,"random"
109,10065.00,20103.00,289.00,"7/10/2015","289",39.65,-88.58,"student research"
110,10066.00,20104.00,299.00,"05/15/2013","299",39.64,-88.69,"random"
111,10067.00,20105.00,302.00,"5/29/2014","302",39.64,-88.75,"random"
112,10067.00,20106.00,302.00,"7/28/2014","302",39.64,-88.75,"random"
113,10068.00,20107.00,383.00,"7/10/2015","383",39.62,-88.57,"student research"
114,10069.00,20108.00,404.00,"2013","404",39.60,-88.31,"random"
115,10069.00,20614.00,404.00,"11/8/2013","404",39.60,-88.31,"random"
116,10069.00,20109.00,404.00,"8/14/2013","404 A",39.60,-88.31,"random"
117,10070.00,20110.00,404.00,"8/15/2013","404 B",39.60,-88.31,"student research"
118,10071.00,20111.00,416.00,"8/15/2013","416 A",39.60,-88.30,"random"
119,10071.00,20615.00,416.00,"11/8/2013","416 A",39.60,-88.30,"random"
120,10072.00,20112.00,416.00,"8/15/2013","416 B",39.60,-88.30,"student research"
121,10073.00,20113.00,416.00,"8/16/2013","416 C",39.60,-88.29,"random"
122,10073.00,20616.00,416.00,"11/8/2013","416 C",39.60,-88.29,"random"
123,10074.00,20114.00,416.00,"8/16/2013","416 D",39.60,-88.29,"student research"
124,10075.00,20617.00,421.00,"2017","421",39.60,-88.74,"random"
125,10075.00,20115.00,421.00,"6/8/2017","421",39.60,-88.74,"random"
126,10076.00,20116.00,433.00,"9/12/2016","OXXT-01",39.62,-88.60,"mussel"
127,10077.00,20117.00,476.00,"9/7/2016","O-15",39.57,-88.53,"mussel"
128,10077.00,20618.00,476.00,"9/7/2016","O-15",39.57,-88.53,"mussel"
129,10078.00,20118.00,517.00,"6/29/2017","517",39.56,-88.43,"random"
130,10079.00,20119.00,590.00,"7/2/2015","590",39.54,-88.37,"student research"
131,10080.00,20120.00,615.00,"8/5/2014","RC4",39.52,-88.82,"student research"
132,10081.00,20121.00,626.00,"5/29/2014","626",39.52,-88.84,"random"
133,10081.00,20122.00,626.00,"6/16/2014","626",39.52,-88.84,"random"
134,10082.00,20123.00,649.00,"7/2/2015","649",39.50,-88.48,"student research"
135,10083.00,20124.00,650.00,"8/13/2015","650",39.50,-88.52,"random"
136,10083.00,20125.00,660.00,"7/2/2015","660",39.50,-88.45,"student research"
137,10084.00,20126.00,716.00,"2016","716",39.47,-88.64,"random"
138,10085.00,20127.00,725.00,"6/11/2016","725",39.46,-88.85,"random"
139,10086.00,20128.00,754.00,"2013","754",39.44,-88.95,"random"
140,10086.00,20130.00,754.00,"5/16/2013","754",39.44,-88.95,"random"
141,10086.00,20129.00,754.00,"6/26/2013","754",39.44,-88.95,"random"
142,10086.00,20131.00,754.00,"11/11/2013","754",39.44,-88.95,"random"
143,10088.00,20138.00,761.00,"2017","761",39.46,-88.86,"paired"
144,10087.00,20133.00,761.00,"6/1/2016","761",39.46,-88.86,"paired"
145,10087.00,20134.00,761.00,"7/6/2016","761",39.46,-88.86,"paired"
146,10087.00,20136.00,761.00,"7/20/2016","761",39.46,-88.86,"paired"
147,10087.00,20137.00,761.00,"7/26/2016","761",39.46,-88.86,"paired"
148,10087.00,20135.00,761.00,"9/13/2016","761",39.46,-88.86,"paired"
149,10087.00,20619.00,761.00,"9/13/2016","761",39.46,-88.86,"paired"
150,10087.00,20620.00,761.00,"11/29/2016","761",39.46,-88.86,"paired"
151,10088.00,20139.00,761.00,"7/3/2017","761",39.46,-88.86,"paired"
152,10088.00,20140.00,761.00,"10/6/2017","761",39.46,-88.86,"paired"
153,10088.00,20141.00,761.00,"10/10/2017","761",39.46,-88.86,"paired"
154,10087.00,20132.00,761.00,"8/18/2014","RC7",39.46,-88.86,"student research"
155,10090.00,20143.00,786.00,"2016","786",39.42,-88.91,"paired"
156,10090.00,20144.00,786.00,"6/1/2016","786",39.42,-88.91,"paired"
157,10090.00,20146.00,786.00,"7/6/2016","786",39.42,-88.91,"paired"
158,10090.00,20147.00,786.00,"7/20/2016","786",39.42,-88.91,"paired"
159,10090.00,20148.00,786.00,"7/26/2016","786",39.42,-88.91,"paired"
160,10090.00,20145.00,786.00,"9/13/2016","786",39.42,-88.91,"paired"
161,10090.00,20621.00,786.00,"9/13/2016","786",39.42,-88.91,"paired"
162,10090.00,20149.00,786.00,"11/29/2016","786",39.42,-88.91,"paired"
163,10091.00,20151.00,786.00,"7/3/2017","786",39.42,-88.91,"paired"
164,10091.00,20152.00,786.00,"10/6/2017","786",39.42,-88.91,"paired"
165,10091.00,20153.00,786.00,"10/10/2017","786",39.42,-88.91,"paired"
166,10089.00,20150.00,786.00,"2014","786",39.42,-88.91,"random"
167,10089.00,20142.00,786.00,"6/18/2014","786",39.42,-88.91,"random"
168,10092.00,20154.00,795.00,"2013","795",39.40,-88.89,"random"
169,10092.00,20156.00,795.00,"5/16/2013","795",39.40,-88.89,"random"
170,10092.00,20155.00,795.00,"7/18/2013","795",39.40,-88.89,"random"
171,10092.00,20157.00,795.00,"11/11/2013","795",39.40,-88.89,"random"
172,10093.00,20158.00,798.00,"8/5/2014","RC15",39.42,-88.86,"student research"
173,10094.00,20159.00,798.00,"8/13/2014","RC16A",39.42,-88.88,"student research"
174,10095.00,20160.00,798.00,"8/13/2014","RC16B",39.42,-88.87,"student research"
175,10096.00,20161.00,835.00,"8/4/2014","RC24",39.37,-88.88,"student research"
176,10097.00,20162.00,835.00,"7/26/2017","Robinson Creek ",39.37,-88.88,"student research"
177,10098.00,20163.00,837.00,"8/4/2014","RC20",39.37,-88.84,"student research"
178,10099.00,20164.00,850.00,"8/18/2014","RC18",39.36,-88.91,"student research"
179,10100.00,20166.00,875.00,"6/3/2014","875",39.35,-88.64,"random"
180,10100.00,20165.00,875.00,"6/16/2014","875",39.35,-88.64,"random"
181,10101.00,20167.00,884.00,"6/6/2017","884",39.39,-88.77,"random"
182,10102.00,20168.00,913.00,"6/3/2014","913",39.33,-88.67,"random"
183,10102.00,20169.00,913.00,"6/17/2014","913",39.33,-88.67,"random"
184,10103.00,20171.00,916.00,"2014","916",39.34,-89.57,"random"
185,10103.00,20172.00,916.00,"6/19/2014","916 A",39.34,-89.57,"random"
186,10103.00,20170.00,916.00,"6/9/2014","916 AB",39.34,-89.57,"random"
187,10104.00,20173.00,916.00,"6/19/2014","916 B",39.34,-89.57,"student research"
188,10105.00,20174.00,933.00,"9/12/2016","O-32",39.34,-88.82,"mussel"
189,10105.00,20622.00,933.00,"9/12/2016","O-32",39.34,-88.82,"mussel"
190,10106.00,20175.00,939.00,"2016","939",39.32,-88.93,"paired"
191,10106.00,20177.00,939.00,"6/1/2016","939",39.32,-88.93,"paired"
192,10106.00,20178.00,939.00,"7/6/2016","939",39.32,-88.93,"paired"
193,10106.00,20179.00,939.00,"7/20/2016","939",39.32,-88.93,"paired"
194,10106.00,20176.00,939.00,"8/1/2016","939",39.32,-88.93,"paired"
195,10106.00,20180.00,939.00,"11/29/2016","939",39.32,-88.93,"paired"
196,10107.00,20185.00,939.00,"7/10/2017","939",39.32,-88.93,"paired"
197,10107.00,20182.00,939.00,"7/19/2017","939",39.32,-88.93,"paired"
198,10107.00,20181.00,939.00,"7/27/2017","939",39.32,-88.93,"paired"
199,10107.00,20183.00,939.00,"10/6/2017","939",39.32,-88.93,"paired"
200,10107.00,20184.00,939.00,"10/10/2017","939",39.32,-88.93,"paired"
201,10108.00,20186.00,948.00,"6/26/2017","Vandalia Res 1",39.02,-89.17,"student research"
202,10109.00,20187.00,950.00,"2015","950",39.31,-88.91,"random"
203,10109.00,20188.00,950.00,"6/4/2015","950",39.31,-88.91,"random"
204,10110.00,20189.00,957.00,"2016","957",39.31,-88.93,"paired"
205,10110.00,20192.00,957.00,"6/1/2016","957",39.31,-88.93,"paired"
206,10110.00,20191.00,957.00,"7/6/2016","957",39.31,-88.93,"paired"
207,10110.00,20190.00,957.00,"7/18/2016","957",39.31,-88.93,"paired"
208,10110.00,20623.00,957.00,"7/18/2016","957",39.31,-88.93,"paired"
209,10110.00,20193.00,957.00,"7/20/2016","957",39.31,-88.93,"paired"
210,10110.00,20194.00,957.00,"11/29/2016","957",39.31,-88.93,"paired"
211,10111.00,20198.00,957.00,"7/10/2017","957",39.31,-88.93,"paired"
212,10111.00,20195.00,957.00,"7/27/2017","957",39.31,-88.93,"paired"
213,10111.00,20196.00,957.00,"10/6/2017","957",39.31,-88.93,"paired"
214,10111.00,20197.00,957.00,"10/10/2017","957",39.31,-88.93,"paired"
215,10112.00,20199.00,969.00,"6/19/2017","Glenn Shoals Res 1",39.31,-89.41,"student research"
216,10113.00,20201.00,992.00,"5/22/2013","992",39.30,-88.89,"random"
217,10113.00,20200.00,992.00,"6/27/2013","992",39.30,-88.89,"random"
218,10114.00,20202.00,992.00,"6/28/2016","992",39.30,-88.89,"random"
219,10115.00,20204.00,1025.00,"6/1/2016","1025",39.29,-89.15,"paired"
220,10115.00,20206.00,1025.00,"7/6/2016","1025",39.29,-89.15,"paired"
221,10115.00,20203.00,1025.00,"7/11/2016","1025",39.29,-89.15,"paired"
222,10115.00,20207.00,1025.00,"7/20/2016","1025",39.29,-89.15,"paired"
223,10115.00,20208.00,1025.00,"8/16/2016","1025",39.29,-89.15,"paired"
224,10115.00,20209.00,1025.00,"11/29/2016","1025",39.29,-89.15,"paired"
225,10116.00,20212.00,1025.00,"7/12/2017","1025",39.29,-89.15,"paired"
226,10116.00,20210.00,1025.00,"7/27/2017","1025",39.29,-89.15,"paired"
227,10116.00,20205.00,1025.00,"8/14/2017","1025",39.29,-89.15,"paired"
228,10116.00,20211.00,1025.00,"10/10/2017","1025",39.29,-89.15,"paired"
229,10117.00,20213.00,1038.00,"2013","1038",39.28,-89.04,"random"
230,10117.00,20214.00,1038.00,"6/27/2013","1038",39.28,-89.04,"random"
231,10117.00,20215.00,1038.00,"11/15/2013","1038",39.28,-89.04,"random"
232,10118.00,20216.00,1038.00,"8/1/2016","1038",39.28,-89.04,"random"
233,10119.00,20217.00,1065.00,"2017","1065",39.28,-89.57,"random"
234,10119.00,20218.00,1065.00,"6/22/2017","1065",39.28,-89.57,"random"
235,10120.00,20220.00,1104.00,"6/5/2013","1104",39.26,-89.53,"random"
236,10120.00,20219.00,1104.00,"7/17/2013","1104",39.26,-89.53,"random"
237,10120.00,20221.00,1104.00,"11/13/2013","1104",39.26,-89.53,"random"
238,10121.00,20222.00,1123.00,"2016","1123",39.26,-89.42,"random"
239,10122.00,20223.00,1123.00,"2017","1123",39.26,-89.42,"random"
240,10123.00,20225.00,1128.00,"2015","1128",39.26,-89.32,"random"
241,10123.00,20224.00,1128.00,"6/11/2015","1128",39.26,-89.32,"random"
242,10124.00,20226.00,1132.00,"6/3/2014","1132",39.26,-88.90,"random"
243,10124.00,20227.00,1132.00,"6/14/2014","1132",39.26,-88.90,"random"
244,10125.00,20230.00,1160.00,"2013","1160",39.25,-88.89,"random"
245,10125.00,20229.00,1160.00,"5/22/2013","1160",39.25,-88.89,"random"
246,10125.00,20228.00,1160.00,"7/10/2013","1160",39.25,-88.89,"random"
247,10125.00,20231.00,1160.00,"11/11/2013","1160",39.25,-88.89,"random"
248,10126.00,20232.00,1168.00,"2015","1168",39.25,-89.32,"random"
249,10126.00,20233.00,1168.00,"6/11/2015","1168",39.25,-89.32,"random"
250,10127.00,20234.00,1174.00,"7/7/2015","1174",39.24,-88.71,"random"
251,10128.00,20235.00,1199.00,"2015","1199",39.23,-88.80,"random"
252,10128.00,20236.00,1199.00,"8/4/2015","1199",39.23,-88.80,"random"
253,10129.00,20237.00,1218.00,"6/16/2016","1218",39.23,-88.82,"random"
254,10130.00,20238.00,1225.00,"8/2/2016","1225",39.26,-89.20,"random"
255,10133.00,20243.00,1229.00,"2015","F4",39.26,-89.00,"focal"
256,10131.00,20239.00,1229.00,"8/5/2013","F4",39.26,-89.00,"focal"
257,10131.00,20241.00,1229.00,"11/15/2013","F4",39.26,-89.00,"focal"
258,10132.00,20240.00,1229.00,"5/18/2014","F4",39.26,-89.00,"focal"
259,10132.00,20242.00,1229.00,"7/8/2014","F4",39.26,-89.00,"focal"
260,10133.00,20244.00,1229.00,"9/10/2015","F4",39.26,-89.00,"focal"
261,10331.00,20249.00,1229.00,"11/15/2013","F5",39.23,-89.01,"focal"
262,10134.00,20245.00,1229.00,"8/5/2013","F5",39.24,-89.01,"focal"
263,10135.00,20246.00,1229.00,"5/18/2014","F5",39.24,-89.01,"focal"
264,10135.00,20247.00,1229.00,"7/28/2014","F5",39.24,-89.01,"focal"
265,10136.00,20248.00,1229.00,"9/10/2015","F5",39.24,-89.01,"focal"
266,10332.00,20252.00,1229.00,"2015","F6",39.23,-89.01,"focal"
267,10137.00,20254.00,1229.00,"8/5/2013","F6",39.23,-89.01,"focal"
268,10137.00,20255.00,1229.00,"11/15/2013","F6",39.23,-89.01,"focal"
269,10138.00,20251.00,1229.00,"5/18/2014","F6",39.23,-89.01,"focal"
270,10138.00,20250.00,1229.00,"7/8/2014","F6",39.23,-89.01,"focal"
271,10332.00,20253.00,1229.00,"9/10/2015","F6",39.23,-89.01,"focal"
272,10140.00,20264.00,1237.00,"2016","1237",39.23,-89.18,"paired"
273,10139.00,20262.00,1237.00,"6/1/2016","1237",39.23,-89.18,"paired"
274,10139.00,20256.00,1237.00,"7/6/2016","1237",39.23,-89.18,"paired"
275,10140.00,20265.00,1237.00,"7/11/2016","1237",39.23,-89.18,"paired"
276,10139.00,20257.00,1237.00,"7/20/2016","1237",39.23,-89.18,"paired"
277,10139.00,20258.00,1237.00,"8/16/2016","1237",39.23,-89.18,"paired"
278,10139.00,20259.00,1237.00,"11/29/2016","1237",39.23,-89.18,"paired"
279,10141.00,20266.00,1237.00,"7/12/2017","1237",39.23,-89.18,"paired"
280,10140.00,20260.00,1237.00,"7/27/2017","1237",39.23,-89.18,"paired"
281,10141.00,20263.00,1237.00,"8/14/2017","1237",39.23,-89.18,"paired"
282,10140.00,20261.00,1237.00,"10/10/2017","1237",39.23,-89.18,"paired"
283,10142.00,20269.00,1250.00,"5/22/2013","1250",39.23,-88.91,"random"
284,10142.00,20267.00,1250.00,"7/10/2013","1250",39.23,-88.91,"random"
285,10142.00,20268.00,1250.00,"11/15/2013","1250",39.23,-88.91,"random"
286,10144.00,20271.00,1272.00,"2015","1272",39.23,-89.33,"ISWS"
287,10143.00,20270.00,1272.00,"6/19/2014","1272",39.23,-89.33,"ISWS"
288,10145.00,20272.00,1272.00,"6/23/2015","1272",39.23,-89.33,"ISWS"
289,10146.00,20273.00,1303.00,"5/29/2014","1303",39.21,-89.07,"random"
290,10146.00,20274.00,1303.00,"6/14/2014","1303",39.21,-89.07,"random"
291,10146.00,20275.00,1303.00,"6/23/2014","1303",39.21,-89.07,"random"
292,10147.00,20276.00,1311.00,"2015","1311",39.20,-88.71,"random"
293,10147.00,20277.00,1311.00,"7/6/2015","1311",39.20,-88.71,"random"
294,10148.00,20278.00,1328.00,"8/2/2016","1328",39.21,-89.22,"random"
295,10333.00,20279.00,1338.00,"6/16/2016","1338",39.19,-89.04,"random"
296,10149.00,20280.00,1346.00,"2016","1346",39.20,-89.51,"random"
297,10150.00,20282.00,1346.00,"2017","1346",39.20,-89.51,"random"
298,10149.00,20281.00,1346.00,"6/14/2016","1346",39.20,-89.51,"random"
299,10151.00,20286.00,1392.00,"6/1/2016","1392",39.18,-89.25,"paired"
300,10151.00,20288.00,1392.00,"7/18/2016","1392",39.18,-89.25,"paired"
301,10151.00,20283.00,1392.00,"7/20/2016","1392",39.18,-89.25,"paired"
302,10151.00,20284.00,1392.00,"8/16/2016","1392",39.18,-89.25,"paired"
303,10152.00,20285.00,1392.00,"7/27/2017","1392",39.18,-89.25,"paired"
304,10152.00,20287.00,1392.00,"9/14/2017","1392",39.18,-89.25,"paired"
305,10153.00,20289.00,1424.00,"2015","1424",39.18,-88.75,"random"
306,10153.00,20290.00,1424.00,"7/6/2015","1424",39.18,-88.75,"random"
307,10154.00,20291.00,1431.00,"2013","1431",39.18,-89.35,"random"
308,10156.00,20295.00,1431.00,"2014","1431",39.18,-89.35,"random"
309,10154.00,20294.00,1431.00,"11/20/2013","1431",39.18,-89.35,"random"
310,10154.00,20292.00,1431.00,"8/1/2013","1431 A ",39.18,-89.35,"random"
311,10155.00,20293.00,1431.00,"8/1/2013","1431 B",39.18,-89.35,"student research"
312,10157.00,20296.00,1474.00,"2013","1474",39.17,-89.36,"random"
313,10159.00,20301.00,1474.00,"2014","1474",39.17,-89.36,"random"
314,10157.00,20298.00,1474.00,"6/3/2013","1474",39.17,-89.36,"random"
315,10157.00,20300.00,1474.00,"11/20/2013","1474",39.17,-89.36,"random"
316,10157.00,20297.00,1474.00,"7/29/2013","1474 A",39.17,-89.36,"random"
317,10158.00,20299.00,1474.00,"7/29/2013","1474 B",39.17,-89.36,"student research"
318,10160.00,20302.00,1505.00,"6/19/2017","Lou Yaeger Main 1",39.18,-89.55,"student research"
319,10163.00,20309.00,1517.00,"7/15/2015","1517",39.15,-89.25,"student research"
320,10161.00,20310.00,1517.00,"7/18/2016","1517",39.15,-89.25,"student research"
321,10161.00,20303.00,1517.00,"2016","1517",39.15,-89.25,"paired"
322,10161.00,20304.00,1517.00,"6/1/2016","1517",39.15,-89.25,"paired"
323,10161.00,20306.00,1517.00,"7/20/2016","1517",39.15,-89.25,"paired"
324,10161.00,20307.00,1517.00,"8/16/2016","1517",39.15,-89.25,"paired"
325,10162.00,20308.00,1517.00,"7/27/2017","1517",39.15,-89.25,"paired"
326,10162.00,20305.00,1517.00,"9/14/2017","1517",39.15,-89.25,"paired"
327,10164.00,20311.00,1542.00,"2013","1542",39.14,-89.35,"random"
328,10164.00,20313.00,1542.00,"6/3/2013","1542",39.14,-89.35,"random"
329,10164.00,20315.00,1542.00,"11/20/2013","1542",39.14,-89.35,"random"
330,10164.00,20312.00,1542.00,"7/30/2013","1542 A",39.14,-89.35,"random"
331,10165.00,20314.00,1542.00,"7/30/2013","1542 B",39.14,-89.35,"student research"
332,10334.00,20316.00,1546.00,"6/20/2017","Lou Yaeger Main 2",39.14,-89.54,"student research"
333,10166.00,20317.00,1559.00,"6/13/2014","1559",39.14,-89.24,"random"
334,10166.00,20318.00,1559.00,"6/23/2014","1559",39.14,-89.24,"random"
335,10167.00,20319.00,1581.00,"6/3/2013","1581",39.14,-89.35,"random"
336,10169.00,20323.00,1599.00,"2014","F13",39.13,-89.58,"focal"
337,10170.00,20325.00,1599.00,"2015","F13",39.13,-89.58,"focal"
338,10168.00,20320.00,1599.00,"8/22/2013","F13",39.13,-89.58,"focal"
339,10168.00,20321.00,1599.00,"11/13/2013","F13",39.13,-89.58,"focal"
340,10169.00,20322.00,1599.00,"5/27/2014","F13",39.13,-89.58,"focal"
341,10169.00,20324.00,1599.00,"7/17/2014","F13",39.13,-89.58,"focal"
342,10170.00,20326.00,1599.00,"8/26/2015","F13",39.13,-89.58,"focal"
343,10171.00,20327.00,1609.00,"7/15/2015","1609",39.14,-89.29,"student research"
344,10172.00,20332.00,1609.00,"2016","1609",39.14,-89.29,"paired"
345,10172.00,20333.00,1609.00,"6/1/2016","1609",39.14,-89.29,"paired"
346,10172.00,20334.00,1609.00,"7/13/2016","1609",39.14,-89.29,"paired"
347,10172.00,20328.00,1609.00,"7/20/2016","1609",39.14,-89.29,"paired"
348,10172.00,20329.00,1609.00,"8/16/2016","1609",39.14,-89.29,"paired"
349,10173.00,20330.00,1609.00,"7/27/2017","1609",39.14,-89.29,"paired"
350,10173.00,20331.00,1609.00,"9/27/2017","1609",39.14,-89.29,"paired"
351,10174.00,20335.00,1614.00,"6/14/2017","1614",39.14,-88.82,"random"
352,10175.00,20336.00,1616.00,"6/12/2017","1616",39.11,-88.84,"random"
353,10176.00,20337.00,1633.00,"6/13/2014","1633",39.11,-89.20,"ISWS"
354,10176.00,20338.00,1633.00,"6/26/2014","1633",39.11,-89.20,"ISWS"
355,10177.00,20339.00,1633.00,"7/16/2015","1633",39.11,-89.20,"ISWS"
356,10178.00,20342.00,1635.00,"2013","1635",39.11,-89.47,"random"
357,10179.00,20341.00,1635.00,"2014","1635",39.11,-89.47,"random"
358,10178.00,20340.00,1635.00,"6/4/2013","1635",39.11,-89.47,"random"
359,10178.00,20343.00,1635.00,"7/17/2013","1635",39.11,-89.47,"random"
360,10180.00,20345.00,1648.00,"6/4/2013","1648",39.11,-89.63,"random"
361,10180.00,20344.00,1648.00,"7/24/2013","1648",39.11,-89.63,"random"
362,10181.00,20351.00,1668.00,"2016","1668",39.11,-89.28,"paired"
363,10181.00,20349.00,1668.00,"6/1/2016","1668",39.11,-89.28,"paired"
364,10181.00,20352.00,1668.00,"7/13/2016","1668",39.11,-89.28,"paired"
365,10181.00,20346.00,1668.00,"7/20/2016","1668",39.11,-89.28,"paired"
366,10181.00,20347.00,1668.00,"8/16/2016","1668",39.11,-89.28,"paired"
367,10182.00,20348.00,1668.00,"7/27/2017","1668",39.11,-89.28,"paired"
368,10182.00,20350.00,1668.00,"9/27/2017","1668",39.11,-89.28,"paired"
369,10335.00,20353.00,1675.00,"2015","1675",39.10,-88.91,"random"
370,10335.00,20354.00,1675.00,"8/10/2015","1675",39.10,-88.91,"random"
371,10184.00,20357.00,1678.00,"2014","F14",39.10,-89.58,"focal"
372,10185.00,20359.00,1678.00,"2015","F14",39.10,-89.58,"focal"
373,10183.00,20355.00,1678.00,"8/22/2013","F14",39.10,-89.58,"focal"
374,10183.00,20356.00,1678.00,"11/13/2013","F14",39.10,-89.58,"focal"
375,10184.00,20361.00,1678.00,"5/27/2014","F14",39.10,-89.58,"focal"
376,10184.00,20358.00,1678.00,"7/17/2014","F14",39.10,-89.58,"focal"
377,10185.00,20360.00,1678.00,"8/26/2015","F14",39.10,-89.58,"focal"
378,10186.00,20362.00,1685.00,"7/24/2013","1685",39.10,-89.52,"random"
379,10187.00,20363.00,1703.00,"6/21/2017","Coffeen Res 2",39.10,-89.41,"student research"
380,10188.00,20364.00,1736.00,"7/15/2015","1736",39.09,-89.25,"student research"
381,10189.00,20365.00,1741.00,"2015","1741",39.10,-89.36,"random"
382,10189.00,20366.00,1741.00,"7/7/2015","1741",39.10,-89.36,"random"
383,10190.00,20367.00,1747.00,"6/20/2017","Coffeen Main 1",39.10,-89.37,"student research"
384,10191.00,20368.00,1785.00,"6/26/2017","Vandalia Main 1",39.07,-89.12,"student research"
385,10192.00,20369.00,1794.00,"2015","1794",39.08,-89.06,"random"
386,10192.00,20370.00,1794.00,"8/4/2015","1794",39.08,-89.06,"random"
387,10193.00,20371.00,1799.00,"6/21/2016","1799",39.07,-89.21,"random"
388,10194.00,20372.00,1801.00,"6/16/2017","1801",39.07,-89.21,"random"
389,10195.00,20373.00,1833.00,"6/21/2017","Coffeen Res 1",39.06,-89.39,"student research"
390,10197.00,20376.00,1849.00,"2014","F15",39.06,-89.54,"focal"
391,10198.00,20378.00,1849.00,"2015","F15",39.06,-89.54,"focal"
392,10196.00,20374.00,1849.00,"8/22/2013","F15",39.06,-89.54,"focal"
393,10196.00,20375.00,1849.00,"11/13/2013","F15",39.06,-89.54,"focal"
394,10197.00,20380.00,1849.00,"5/27/2014","F15",39.06,-89.54,"focal"
395,10197.00,20377.00,1849.00,"7/17/2014","F15",39.06,-89.54,"focal"
396,10198.00,20379.00,1849.00,"8/26/2015","F15",39.06,-89.54,"focal"
397,10198.00,20381.00,1879.00,"2014","1879",39.04,-89.62,"random"
398,10199.00,20382.00,1879.00,"6/4/2013","1879",39.04,-89.62,"random"
399,10199.00,20383.00,1879.00,"8/21/2013","1879",39.04,-89.62,"random"
400,10199.00,20384.00,1879.00,"11/13/2013","1879",39.04,-89.62,"random"
401,10200.00,20385.00,1881.00,"6/20/2017","1881",39.06,-89.60,"random"
402,10201.00,20387.00,1900.00,"5/23/2013","1900",39.03,-89.01,"random"
403,10201.00,20386.00,1900.00,"7/9/2013","1900",39.03,-89.01,"random"
404,10201.00,20388.00,1900.00,"11/26/2013","1900",39.03,-89.01,"random"
405,10202.00,20389.00,1922.00,"6/26/2017","Vandalia res 2",39.04,-89.14,"student research"
406,10203.00,20390.00,1945.00,"7/28/2016","1945",39.02,-89.58,"random"
407,10205.00,20395.00,1976.00,"2013","F1",39.02,-89.54,"focal"
408,10204.00,20391.00,1976.00,"2014","F1",39.02,-89.54,"focal"
409,10206.00,20397.00,1976.00,"2015","F1",39.02,-89.54,"focal"
410,10205.00,20394.00,1976.00,"7/26/2013","F1",39.02,-89.54,"focal"
411,10205.00,20396.00,1976.00,"11/13/2013","F1",39.02,-89.54,"focal"
412,10204.00,20393.00,1976.00,"5/28/2014","F1",39.02,-89.54,"focal"
413,10204.00,20392.00,1976.00,"7/16/2014","F1",39.02,-89.54,"focal"
414,10206.00,20398.00,1976.00,"8/25/2015","F1",39.02,-89.54,"focal"
415,10207.00,20399.00,1977.00,"5/28/2014","1977",39.02,-89.51,"random"
416,10207.00,20400.00,1977.00,"6/24/2014","1977",39.02,-89.51,"random"
417,10208.00,20401.00,1996.00,"6/16/2017","1996",38.96,-89.01,"random"
418,10209.00,20402.00,2016.00,"7/23/2014","2016",39.00,-88.99,"random"
419,10210.00,20403.00,2052.00,"6/27/2017","OL-05",39.03,-89.24,"student research"
420,10211.00,20406.00,2095.00,"2016","2095",38.99,-89.02,"paired"
421,10211.00,20404.00,2095.00,"6/1/2016","2095",38.99,-89.02,"paired"
422,10211.00,20407.00,2095.00,"6/30/2016","2095",38.99,-89.02,"paired"
423,10211.00,20405.00,2095.00,"8/16/2016","2095",38.99,-89.02,"paired"
424,10212.00,20408.00,2095.00,"9/20/2017","2095",38.99,-89.02,"paired"
425,10213.00,20409.00,2111.00,"2013","F2",38.98,-89.53,"focal"
426,10214.00,20413.00,2111.00,"2014","F2",38.98,-89.53,"focal"
427,10215.00,20415.00,2111.00,"2015","F2",38.98,-89.53,"focal"
428,10213.00,20410.00,2111.00,"7/26/2013","F2",38.98,-89.53,"focal"
429,10213.00,20411.00,2111.00,"11/20/2013","F2",38.98,-89.53,"focal"
430,10214.00,20412.00,2111.00,"5/21/2014","F2",38.98,-89.53,"focal"
431,10214.00,20414.00,2111.00,"7/16/2014","F2",38.98,-89.53,"focal"
432,10215.00,20416.00,2111.00,"8/25/2015","F2",38.98,-89.53,"focal"
433,10217.00,20419.00,2113.00,"2015","F10",38.98,-89.23,"focal"
434,10218.00,20420.00,2113.00,"8/9/2013","F10",38.98,-89.23,"focal"
435,10218.00,20421.00,2113.00,"11/26/2013","F10",38.98,-89.23,"focal"
436,10216.00,20418.00,2113.00,"5/20/2014","F10",38.98,-89.23,"focal"
437,10216.00,20417.00,2113.00,"7/14/2014","F10",38.98,-89.23,"focal"
438,10219.00,20422.00,2115.00,"6/21/2017","2115",38.98,-89.35,"random"
439,10221.00,20425.00,2117.00,"2017","2117",38.97,-89.41,"paired"
440,10220.00,20423.00,2117.00,"6/30/2016","2117",38.97,-89.41,"paired"
441,10220.00,20424.00,2117.00,"8/16/2016","2117",38.97,-89.41,"paired"
442,10221.00,20426.00,2117.00,"8/9/2017","2117",38.97,-89.41,"paired"
443,10221.00,20427.00,2117.00,"8/10/2017","2117",38.97,-89.41,"paired"
444,10224.00,20430.00,2146.00,"2015","F11",38.96,-89.21,"focal"
445,10223.00,20429.00,2146.00,"8/9/2013","F11",38.96,-89.21,"focal"
446,10223.00,20431.00,2146.00,"11/26/2013","F11",38.96,-89.21,"focal"
447,10222.00,20428.00,2146.00,"5/20/2014","F11",38.96,-89.21,"focal"
448,10222.00,20432.00,2146.00,"7/14/2014","F11",38.96,-89.21,"focal"
449,10225.00,20433.00,2153.00,"6/1/2016","2153",38.96,-88.97,"paired"
450,10225.00,20435.00,2153.00,"6/30/2016","2153",38.96,-88.97,"paired"
451,10225.00,20434.00,2153.00,"8/16/2016","2153",38.96,-88.97,"paired"
452,10226.00,20436.00,2153.00,"9/20/2017","2153",38.96,-88.97,"paired"
453,10227.00,20438.00,2168.00,"2013","F3",38.96,-89.55,"focal"
454,10228.00,20441.00,2168.00,"2014","F3",38.96,-89.55,"focal"
455,10229.00,20443.00,2168.00,"2015","F3",38.96,-89.55,"focal"
456,10227.00,20437.00,2168.00,"7/26/2013","F3",38.96,-89.55,"focal"
457,10227.00,20439.00,2168.00,"11/20/2013","F3",38.96,-89.55,"focal"
458,10228.00,20440.00,2168.00,"5/21/2014","F3",38.96,-89.55,"focal"
459,10228.00,20442.00,2168.00,"7/16/2014","F3",38.96,-89.55,"focal"
460,10229.00,20444.00,2168.00,"8/25/2015","F3",38.96,-89.55,"focal"
461,10230.00,20447.00,2182.00,"2013","2182",38.97,-89.06,"random"
462,10230.00,20446.00,2182.00,"5/23/2013","2182",38.97,-89.06,"random"
463,10230.00,20445.00,2182.00,"7/16/2013","2182",38.97,-89.06,"random"
464,10230.00,20448.00,2182.00,"11/26/2013","2182",38.97,-89.06,"random"
465,10231.00,20449.00,2186.00,"7/23/2014","2186",38.95,-89.04,"random"
466,10232.00,20450.00,2188.00,"7/26/2016","2188",38.95,-89.73,"random"
467,10233.00,20451.00,2219.00,"8/4/2016","2219",38.95,-89.57,"random"
468,10234.00,20452.00,2219.00,"6/22/2017","2219",38.95,-89.57,"random"
469,10236.00,20455.00,2232.00,"2013","2232",38.93,-89.34,"random"
470,10235.00,20453.00,2232.00,"2014","2232",38.93,-89.34,"random"
471,10236.00,20454.00,2232.00,"5/31/2013","2232",38.93,-89.34,"random"
472,10236.00,20456.00,2232.00,"7/1/2013","2232",38.93,-89.34,"random"
473,10237.00,20457.00,2240.00,"6/1/2016","2240",38.93,-89.42,"paired"
474,10237.00,20458.00,2240.00,"8/16/2016","2240",38.93,-89.42,"paired"
475,10336.00,20460.00,2240.00,"8/9/2017","2240",38.93,-89.42,"paired"
476,10336.00,20459.00,2240.00,"8/10/2017","2240",38.93,-89.42,"paired"
477,10237.00,20461.00,2240.00,"7/12/2016","2240 A",38.93,-89.42,"paired"
478,10238.00,20462.00,2240.00,"7/12/2016","2240 B",38.92,-89.42,"student research"
479,10239.00,20463.00,2261.00,"2013","2261",38.92,-89.20,"random"
480,10240.00,20466.00,2261.00,"2014","2261",38.92,-89.20,"random"
481,10239.00,20465.00,2261.00,"5/23/2013","2261",38.92,-89.20,"random"
482,10239.00,20464.00,2261.00,"7/8/2013","2261",38.92,-89.20,"random"
483,10239.00,20467.00,2261.00,"11/26/2013","2261",38.92,-89.20,"random"
484,10243.00,20470.00,2282.00,"2015","F12",38.92,-89.23,"focal"
485,10242.00,20469.00,2282.00,"8/9/2013","F12",38.92,-89.23,"focal"
486,10242.00,20471.00,2282.00,"11/26/2013","F12",38.92,-89.23,"focal"
487,10241.00,20468.00,2282.00,"5/20/2014","F12",38.92,-89.23,"focal"
488,10241.00,20472.00,2282.00,"7/14/2014","F12",38.92,-89.23,"focal"
489,10244.00,20473.00,2299.00,"6/15/2016","2299",38.93,-89.63,"random"
490,10245.00,20474.00,2303.00,"6/25/2014","2303",38.91,-89.57,"random"
491,10246.00,20475.00,2314.00,"7/29/2015","2314",38.91,-89.47,"random"
492,10247.00,20477.00,2319.00,"2017","2319",38.91,-89.76,"random"
493,10247.00,20478.00,2319.00,"8/2/2017","2319",38.91,-89.76,"random"
494,10248.00,20479.00,2341.00,"2015","2341",38.91,-89.57,"random"
495,10249.00,20481.00,2349.00,"6/5/2013","2349",38.90,-89.53,"random"
496,10249.00,20480.00,2349.00,"7/22/2013","2349",38.90,-89.53,"random"
497,10249.00,20482.00,2349.00,"11/20/2013","2349",38.90,-89.53,"random"
498,10250.00,20483.00,2353.00,"6/27/2016","2353 A",38.90,-89.48,"random"
499,10260.00,20484.00,2353.00,"6/27/2016","2353 B",38.90,-89.48,"student research"
500,10261.00,20485.00,2503.00,"6/27/2017","OL-03",39.00,-89.24,"student research"
501,10262.00,20486.00,2505.00,"2015","2505",38.85,-89.80,"random"
502,10263.00,20487.00,2505.00,"7/30/2014","2505",38.85,-89.80,"random"
503,10264.00,20488.00,2546.00,"2017","2546",38.84,-89.62,"random"
504,10264.00,20489.00,2546.00,"8/2/2017","2546",38.84,-89.62,"random"
505,10265.00,20490.00,2552.00,"2015","2552",38.84,-89.54,"random"
506,10265.00,20491.00,2552.00,"7/29/2015","2552",38.84,-89.54,"random"
507,10266.00,20492.00,2560.00,"8/9/2017","2560",38.84,-89.40,"random"
508,10267.00,20493.00,2565.00,"2015","2565",38.83,-89.65,"random"
509,10269.00,20495.00,2636.00,"2016","2636",38.81,-88.91,"random"
510,10268.00,20494.00,2636.00,"7/21/2014","2636",38.81,-88.91,"random"
511,10269.00,20496.00,2636.00,"6/29/2016","2636",38.81,-88.91,"random"
512,10270.00,20497.00,2647.00,"2016","2647",38.82,-89.42,"random"
513,10270.00,20498.00,2647.00,"6/23/2016","2647",38.82,-89.42,"random"
514,10271.00,20499.00,2664.00,"2014","2664",38.80,-88.84,"random"
515,10271.00,20500.00,2664.00,"7/21/2014","2664",38.80,-88.84,"random"
516,10272.00,20501.00,2668.00,"2013","2668",38.80,-89.50,"random"
517,10272.00,20503.00,2668.00,"6/5/2013","2668",38.80,-89.50,"random"
518,10272.00,20502.00,2668.00,"7/1/2013","2668",38.80,-89.50,"random"
519,10272.00,20504.00,2668.00,"11/18/2013","2668",38.80,-89.50,"random"
520,10274.00,20506.00,2732.00,"2013","2732",38.79,-89.42,"random"
521,10273.00,20507.00,2732.00,"2014","2732",38.79,-89.42,"random"
522,10273.00,20508.00,2732.00,"7/22/2013","2732",38.79,-89.42,"random"
523,10273.00,20509.00,2732.00,"11/18/2013","2732",38.79,-89.42,"random"
524,10273.00,20505.00,2732.00,"6/4/2014","2732",38.79,-89.42,"random"
525,10275.00,20510.00,2736.00,"9/26/2016","OI-15",38.80,-89.49,"mussel"
526,10275.00,20511.00,2736.00,"9/26/2016","OI-15",38.80,-89.49,"mussel"
527,10276.00,20512.00,2745.00,"7/25/2017","2745",38.78,-89.00,"random"
528,10277.00,20514.00,2756.00,"2013","2756",38.78,-88.97,"random"
529,10277.00,20513.00,2756.00,"5/31/2013","2756",38.78,-88.97,"random"
530,10277.00,20515.00,2756.00,"7/15/2013","2756",38.78,-88.97,"random"
531,10278.00,20516.00,2781.00,"7/21/2014","2781",38.78,-89.04,"ISWS"
532,10278.00,20517.00,2781.00,"7/29/2015","2781",38.78,-89.04,"ISWS"
533,10279.00,20518.00,2845.00,"7/25/2017","OK- Group",38.76,-88.93,"student research"
534,10280.00,20519.00,2858.00,"5/30/2013","2858",38.76,-88.94,"random"
535,10281.00,20520.00,2911.00,"8/2/2017","Highland Mainstem 1",38.74,-89.85,"student research"
536,10283.00,20523.00,2922.00,"2013","2922",38.74,-89.51,"random"
537,10282.00,20521.00,2922.00,"2014","2922",38.74,-89.51,"random"
538,10283.00,20524.00,2922.00,"7/22/2013","2922",38.74,-89.51,"random"
539,10283.00,20525.00,2922.00,"11/18/2013","2922",38.74,-89.51,"random"
540,10282.00,20522.00,2922.00,"6/4/2014","2922",38.74,-89.51,"random"
541,10284.00,20526.00,2953.00,"2014","2953",38.74,-89.40,"random"
542,10284.00,20527.00,2953.00,"6/24/2014","2953",38.74,-89.40,"random"
543,10285.00,20528.00,3107.00,"2013","3107",38.67,-88.90,"random"
544,10285.00,20530.00,3107.00,"7/11/2013","3107",38.67,-88.90,"random"
545,10286.00,20531.00,3126.00,"5/23/2013","3126",38.69,-89.64,"random"
546,10287.00,20532.00,3159.00,"2014","3159",38.67,-89.63,"random"
547,10287.00,20534.00,3159.00,"6/5/2014","3159",38.67,-89.63,"random"
548,10287.00,20533.00,3159.00,"6/27/2014","3159",38.67,-89.63,"random"
549,10288.00,20535.00,3337.00,"2015","3337",38.62,-89.75,"random"
550,10289.00,20536.00,3337.00,"7/30/2014","3337",38.62,-89.75,"random"
551,10290.00,20537.00,3380.00,"7/11/2013","3380",38.60,-88.89,"random"
552,10291.00,20538.00,3386.00,"2013","3386",38.62,-89.57,"random"
553,10292.00,20542.00,3386.00,"2014","3386",38.62,-89.57,"random"
554,10291.00,20541.00,3386.00,"5/28/2013","3386",38.62,-89.57,"random"
555,10291.00,20539.00,3386.00,"7/23/2013","3386",38.62,-89.57,"random"
556,10291.00,20540.00,3386.00,"11/18/2013","3386",38.62,-89.57,"random"
557,10293.00,20543.00,3461.00,"2016","3461",38.58,-88.91,"random"
558,10293.00,20544.00,3461.00,"6/28/2016","3461",38.58,-88.91,"random"
559,10294.00,20545.00,3496.00,"2013","3496",38.57,-89.45,"random"
560,10295.00,20547.00,3496.00,"2014","3496",38.57,-89.45,"random"
561,10294.00,20546.00,3496.00,"7/23/2013","3496",38.57,-89.45,"random"
562,10294.00,20548.00,3496.00,"11/18/2013","3496",38.57,-89.45,"random"
563,10296.00,20549.00,3563.00,"5/24/2013","3563",38.56,-89.96,"random"
564,10297.00,20550.00,3565.00,"7/29/2015","3565",38.56,-89.28,"ISWS"
565,10298.00,20551.00,3565.00,"7/22/2014","3565 A",38.56,-89.28,"ISWS"
566,10299.00,20552.00,3565.00,"7/22/2014","3565 B",38.56,-89.28,"student research"
567,10300.00,20554.00,3570.00,"5/29/2013","3570",38.56,-89.01,"random"
568,10300.00,20553.00,3570.00,"7/16/2013","3570",38.56,-89.01,"random"
569,10301.00,20555.00,3584.00,"6/23/2016","3584",38.56,-89.63,"random"
570,10302.00,20556.00,3593.00,"2016","3593",38.55,-89.94,"random"
571,10302.00,20557.00,3593.00,"6/22/2016","3593",38.55,-89.94,"random"
572,10303.00,20558.00,3621.00,"5/24/2013","3621",38.55,-89.64,"random"
573,10304.00,20559.00,3653.00,"2017","3653",38.54,-89.80,"random"
574,10304.00,20560.00,3653.00,"8/1/2017","3653",38.54,-89.80,"random"
575,10305.00,20561.00,3671.00,"2015","3671",38.56,-89.61,"random"
576,10306.00,20562.00,3841.00,"2015","3841",38.49,-89.02,"random"
577,10306.00,20563.00,3841.00,"7/30/2015","3841",38.49,-89.02,"random"
578,10307.00,20564.00,3963.00,"2014","3963",38.48,-89.15,"random"
579,10308.00,20565.00,3963.00,"5/29/2013","3963",38.48,-89.15,"random"
580,10308.00,20566.00,3963.00,"7/15/2013","3963",38.48,-89.15,"random"
581,10309.00,20567.00,4092.00,"2016","4092",38.46,-89.87,"random"
582,10309.00,20568.00,4092.00,"6/22/2016","4092",38.46,-89.87,"random"
583,10310.00,20569.00,4362.00,"2014","4362",38.41,-89.21,"random"
584,10310.00,20570.00,4362.00,"7/22/2014","4362",38.41,-89.21,"random"
585,10311.00,20571.00,4479.00,"2014","4479",38.38,-90.01,"random"
586,10311.00,20573.00,4479.00,"6/5/2014","4479",38.38,-90.01,"random"
587,10311.00,20572.00,4479.00,"7/1/2014","4479",38.38,-90.01,"random"
588,10312.00,20575.00,4504.00,"2014","4504",38.38,-90.08,"random"
589,10312.00,20574.00,4504.00,"6/9/2014","4504",38.38,-90.08,"random"
590,10312.00,20576.00,4504.00,"6/30/2014","4504",38.38,-90.08,"random"
591,10313.00,20577.00,4504.00,"6/22/2016","4504",38.38,-90.08,"random"
592,10314.00,20578.00,4532.00,"2015","4532",38.37,-89.27,"random"
593,10314.00,20579.00,4532.00,"7/21/2015","4532",38.37,-89.27,"random"
594,10315.00,20580.00,4563.00,"2014","4563",38.36,-90.08,"random"
595,10315.00,20582.00,4563.00,"6/9/2014","4563",38.36,-90.08,"random"
596,10315.00,20581.00,4563.00,"6/30/2014","4563",38.36,-90.08,"random"
597,10316.00,20584.00,4586.00,"6/5/2014","4586",38.36,-90.05,"random"
598,10316.00,20583.00,4586.00,"7/1/2014","4586",38.36,-90.05,"random"
599,10317.00,20585.00,4690.00,"8/1/2017","4690",38.36,-90.05,"random"
600,10318.00,20586.00,4865.00,"2014","4865",38.30,-89.97,"random"
601,10318.00,20587.00,4865.00,"7/1/2014","4865",38.30,-89.97,"random"
602,10319.00,20588.00,5001.00,"2015","5001",38.27,-89.51,"random"
603,10319.00,20589.00,5001.00,"7/22/2015","5001",38.27,-89.51,"random"
604,10320.00,20590.00,5056.00,"2014","5056",38.25,-90.02,"random"
605,10320.00,20591.00,5056.00,"6/9/2014","5056",38.25,-90.02,"random"
606,10320.00,20592.00,5056.00,"7/2/2014","5056",38.25,-90.02,"random"
607,10321.00,20593.00,5128.00,"2015","5128",38.24,-89.59,"random"
608,10321.00,20594.00,5128.00,"7/22/2015","5128",38.24,-89.59,"random"
609,10322.00,20595.00,5168.00,"7/2/2014","5168",38.23,-90.08,"random"
610,10323.00,20596.00,5234.00,"8/1/2017","5234",38.23,-89.88,"random"
611,10324.00,20597.00,5398.00,"7/23/2015","5398",38.16,-90.10,"random"
612,10326.00,20599.00,5424.00,"2014","5424",38.15,-89.97,"random"
613,10326.00,20600.00,5424.00,"6/9/2014","5424",38.15,-89.97,"random"
614,10327.00,20601.00,5455.00,"2014","5455",38.14,-90.04,"random"
615,10327.00,20602.00,5455.00,"7/2/2014","5455",38.14,-90.04,"random"
616,10328.00,20603.00,5667.00,"2015","5667",38.06,-89.89,"random"
617,10328.00,20604.00,5667.00,"7/23/2015","5667",38.06,-89.89,"random"
618,10329.00,20605.00,5764.00,"2015","5764",38.01,-89.85,"random"
619,10329.00,20606.00,5764.00,"7/22/2015","5764",38.01,-89.85,"random"
620,10330.00,20607.00,5770.00,"2015","5770",38.00,-89.88,"random"
621,10330.00,20608.00,5770.00,"7/22/2015","5770",38.00,-89.88,"random"
622,10337.00,20476.00,0.00,"6/24/2014","Trib to 2314",38.90,-89.47,"random"
